dataset,cadence,rule,n_true,n_cand,recall,prec
01467200_l1,5min,abs 1.3,63,1288,1.0,0.04891304347826087
01467200_l1,5min,abs 1.5,63,648,1.0,0.09722222222222222
01467200_l1,5min,abs 1.8,63,338,1.0,0.1863905325443787
01467200_l1,5min,abs 2.2,63,208,0.9365079365079365,0.28365384615384615
01467200_l1,5min,mad 4,63,7273,1.0,0.008662175168431183
01467200_l1,5min,mad 6,63,4041,1.0,0.015590200445434299
01467200_l1,5min,mad 8,63,2694,1.0,0.02338530066815145
01467200_l1,5min,budget 175,63,170,0.8888888888888888,0.32941176470588235
01467200_l2,5min,abs 1.3,169,1397,1.0,0.12097351467430208
01467200_l2,5min,abs 1.5,169,756,0.9940828402366864,0.2222222222222222
01467200_l2,5min,abs 1.8,169,442,0.9822485207100592,0.3755656108597285
01467200_l2,5min,abs 2.2,169,305,0.9289940828402367,0.5147540983606558
01467200_l2,5min,mad 4,169,7371,1.0,0.02292768959435626
01467200_l2,5min,mad 6,169,4145,1.0,0.040772014475271415
01467200_l2,5min,mad 8,169,2798,1.0,0.06040028591851322
01467200_l2,5min,budget 175,169,169,0.7337278106508875,0.7337278106508875
01467200_l3,5min,abs 1.3,337,1528,1.0,0.2205497382198953
01467200_l3,5min,abs 1.5,337,900,0.9910979228486647,0.3711111111111111
01467200_l3,5min,abs 1.8,337,594,0.9703264094955489,0.5505050505050505
01467200_l3,5min,abs 2.2,337,452,0.913946587537092,0.6814159292035398
01467200_l3,5min,mad 4,337,7533,1.0,0.0447364927651666
01467200_l3,5min,mad 6,337,4281,1.0,0.07871992525110956
01467200_l3,5min,mad 8,337,2930,1.0,0.11501706484641638
01467200_l3,5min,budget 175,337,169,0.4540059347181009,0.9053254437869822
02054550_l1,5min,abs 1.3,63,2174,0.9523809523809523,0.027598896044158234
02054550_l1,5min,abs 1.5,63,1234,0.9047619047619048,0.046191247974068074
02054550_l1,5min,abs 1.8,63,718,0.8571428571428571,0.07520891364902507
02054550_l1,5min,abs 2.2,63,414,0.6666666666666666,0.10144927536231885
02054550_l1,5min,mad 4,63,8136,0.9523809523809523,0.007374631268436578
02054550_l1,5min,mad 6,63,5644,0.9523809523809523,0.010630758327427357
02054550_l1,5min,mad 8,63,4388,0.9523809523809523,0.013673655423883319
02054550_l1,5min,budget 175,63,168,0.49206349206349204,0.18452380952380953
02054550_l2,5min,abs 1.3,169,2272,0.9644970414201184,0.07174295774647887
02054550_l2,5min,abs 1.5,169,1331,0.9171597633136095,0.11645379413974455
02054550_l2,5min,abs 1.8,169,816,0.893491124260355,0.18504901960784315
02054550_l2,5min,abs 2.2,169,511,0.8402366863905325,0.27788649706457924
02054550_l2,5min,mad 4,169,8229,1.0,0.020537124802527645
02054550_l2,5min,mad 6,169,5719,0.9822485207100592,0.029026053505857668
02054550_l2,5min,mad 8,169,4473,0.9822485207100592,0.037111558238318805
02054550_l2,5min,budget 175,169,168,0.5029585798816568,0.5059523809523809
02054550_l3,5min,abs 1.3,337,2445,0.9643916913946587,0.1329243353783231
02054550_l3,5min,abs 1.5,337,1492,0.9465875370919882,0.21380697050938338
02054550_l3,5min,abs 1.8,337,950,0.8664688427299704,0.30736842105263157
02054550_l3,5min,abs 2.2,337,635,0.798219584569733,0.42362204724409447
02054550_l3,5min,mad 4,337,8409,0.9851632047477745,0.0394815079081936
02054550_l3,5min,mad 6,337,5891,0.9792284866468842,0.05601765404854863
02054550_l3,5min,mad 8,337,4624,0.9762611275964391,0.07115051903114186
02054550_l3,5min,budget 175,337,168,0.4065281899109792,0.8154761904761905
040851385_l1,5min,abs 1.3,63,3212,1.0,0.019613947696139476
040851385_l1,5min,abs 1.5,63,1713,0.9841269841269841,0.03619381202568593
040851385_l1,5min,abs 1.8,63,947,0.9365079365079365,0.06230200633579725
040851385_l1,5min,abs 2.2,63,515,0.873015873015873,0.10679611650485436
040851385_l1,5min,mad 4,63,12301,1.0,0.005121534834566295
040851385_l1,5min,mad 6,63,8459,1.0,0.0074476888521101785
040851385_l1,5min,mad 8,63,6293,1.0,0.010011123470522803
040851385_l1,5min,budget 175,63,167,0.6190476190476191,0.23353293413173654
040851385_l2,5min,abs 1.3,169,3324,1.0,0.050842358604091455
040851385_l2,5min,abs 1.5,169,1824,0.9881656804733728,0.09155701754385964
040851385_l2,5min,abs 1.8,169,1057,0.9704142011834319,0.15515610217596973
040851385_l2,5min,abs 2.2,169,597,0.8284023668639053,0.23450586264656617
040851385_l2,5min,mad 4,169,12366,1.0,0.013666504932880479
040851385_l2,5min,mad 6,169,8499,1.0,0.019884692316743145
040851385_l2,5min,mad 8,169,6346,1.0,0.026630948629057676
040851385_l2,5min,budget 175,169,167,0.4378698224852071,0.4431137724550898
040851385_l3,5min,abs 1.3,337,3505,1.0,0.09614835948644793
040851385_l3,5min,abs 1.5,337,1982,0.9881305637982196,0.16801210898082744
040851385_l3,5min,abs 1.8,337,1213,0.9703264094955489,0.26957955482275353
040851385_l3,5min,abs 2.2,337,758,0.884272997032641,0.39313984168865435
040851385_l3,5min,mad 4,337,12539,1.0,0.02687614642315974
040851385_l3,5min,mad 6,337,8673,1.0,0.038856220454283406
040851385_l3,5min,mad 8,337,6523,1.0,0.05166334508661659
040851385_l3,5min,budget 175,337,167,0.32344213649851633,0.6526946107784432
02198840_l1,15min,abs 1.3,21,1314,1.0,0.01598173515981735
02198840_l1,15min,abs 1.5,21,476,1.0,0.04411764705882353
02198840_l1,15min,abs 1.8,21,181,1.0,0.11602209944751381
02198840_l1,15min,abs 2.2,21,81,0.9047619047619048,0.2345679012345679
02198840_l1,15min,mad 4,21,4023,1.0,0.005219985085756898
02198840_l1,15min,mad 6,21,2142,1.0,0.00980392156862745
02198840_l1,15min,mad 8,21,1262,1.0,0.01664025356576862
02198840_l1,15min,budget 175,21,173,1.0,0.12138728323699421
02198840_l2,15min,abs 1.3,56,1339,0.9642857142857143,0.040328603435399554
02198840_l2,15min,abs 1.5,56,507,0.9642857142857143,0.10650887573964497
02198840_l2,15min,abs 1.8,56,214,0.9464285714285714,0.24766355140186916
02198840_l2,15min,abs 2.2,56,112,0.9107142857142857,0.45535714285714285
02198840_l2,15min,mad 4,56,4020,0.9821428571428571,0.013681592039800995
02198840_l2,15min,mad 6,56,2155,0.9821428571428571,0.025522041763341066
02198840_l2,15min,mad 8,56,1275,0.9642857142857143,0.042352941176470586
02198840_l2,15min,budget 175,56,173,0.9464285714285714,0.3063583815028902
02198840_l3,15min,abs 1.3,112,1408,0.9821428571428571,0.078125
02198840_l3,15min,abs 1.5,112,561,0.9464285714285714,0.1889483065953654
02198840_l3,15min,abs 1.8,112,265,0.9285714285714286,0.39245283018867927
02198840_l3,15min,abs 2.2,112,167,0.9285714285714286,0.6227544910179641
02198840_l3,15min,mad 4,112,4091,1.0,0.027377169396235638
02198840_l3,15min,mad 6,112,2225,1.0,0.050337078651685394
02198840_l3,15min,mad 8,112,1345,0.9821428571428571,0.08178438661710037
02198840_l3,15min,budget 175,112,173,0.9285714285714286,0.6011560693641619
03447687_l1,15min,abs 1.3,21,1254,0.9047619047619048,0.015151515151515152
03447687_l1,15min,abs 1.5,21,643,0.8095238095238095,0.026438569206842923
03447687_l1,15min,abs 1.8,21,334,0.7619047619047619,0.04790419161676647
03447687_l1,15min,abs 2.2,21,176,0.6190476190476191,0.07386363636363637
03447687_l1,15min,mad 4,21,4609,0.9523809523809523,0.004339336081579518
03447687_l1,15min,mad 6,21,3140,0.9523809523809523,0.006369426751592357
03447687_l1,15min,mad 8,21,2332,0.9047619047619048,0.008147512864493996
03447687_l1,15min,budget 175,21,167,0.6190476190476191,0.07784431137724551
03447687_l2,15min,abs 1.3,56,1301,0.9821428571428571,0.042275172943889314
03447687_l2,15min,abs 1.5,56,690,0.9821428571428571,0.07971014492753623
03447687_l2,15min,abs 1.8,56,380,0.9821428571428571,0.14473684210526316
03447687_l2,15min,abs 2.2,56,223,0.9821428571428571,0.24663677130044842
03447687_l2,15min,mad 4,56,4615,1.0,0.012134344528710726
03447687_l2,15min,mad 6,56,3160,0.9821428571428571,0.01740506329113924
03447687_l2,15min,mad 8,56,2357,0.9821428571428571,0.02333474756045821
03447687_l2,15min,budget 175,56,167,0.875,0.2934131736526946
03447687_l3,15min,abs 1.3,112,1358,0.9375,0.07731958762886598
03447687_l3,15min,abs 1.5,112,731,0.9107142857142857,0.13953488372093023
03447687_l3,15min,abs 1.8,112,417,0.8839285714285714,0.23741007194244604
03447687_l3,15min,abs 2.2,112,254,0.8125,0.35826771653543305
03447687_l3,15min,mad 4,112,4698,0.9821428571428571,0.023414218816517667
03447687_l3,15min,mad 6,112,3217,0.9732142857142857,0.033882499222878455
03447687_l3,15min,mad 8,112,2396,0.9464285714285714,0.04424040066777963
03447687_l3,15min,budget 175,112,167,0.6428571428571429,0.4311377245508982
08041770_l1,15min,abs 1.3,21,294,1.0,0.07142857142857142
08041770_l1,15min,abs 1.5,21,168,0.9523809523809523,0.11904761904761904
08041770_l1,15min,abs 1.8,21,88,0.8571428571428571,0.20454545454545456
08041770_l1,15min,abs 2.2,21,48,0.6666666666666666,0.2916666666666667
08041770_l1,15min,mad 4,21,1561,1.0,0.013452914798206279
08041770_l1,15min,mad 6,21,944,1.0,0.022245762711864406
08041770_l1,15min,mad 8,21,686,1.0,0.030612244897959183
08041770_l1,15min,budget 175,21,174,0.9523809523809523,0.11494252873563218
08041770_l2,15min,abs 1.3,56,330,1.0,0.1696969696969697
08041770_l2,15min,abs 1.5,56,203,1.0,0.27586206896551724
08041770_l2,15min,abs 1.8,56,124,0.9821428571428571,0.4435483870967742
08041770_l2,15min,abs 2.2,56,82,0.8571428571428571,0.5853658536585366
08041770_l2,15min,mad 4,56,1611,1.0,0.03476101800124146
08041770_l2,15min,mad 6,56,983,1.0,0.056968463886063074
08041770_l2,15min,mad 8,56,720,1.0,0.07777777777777778
08041770_l2,15min,budget 175,56,174,1.0,0.3218390804597701
08041770_l3,15min,abs 1.3,112,385,0.9910714285714286,0.2883116883116883
08041770_l3,15min,abs 1.5,112,255,0.9553571428571429,0.4196078431372549
08041770_l3,15min,abs 1.8,112,173,0.9196428571428571,0.5953757225433526
08041770_l3,15min,abs 2.2,112,123,0.8125,0.7398373983739838
08041770_l3,15min,mad 4,112,1680,1.0,0.06666666666666667
08041770_l3,15min,mad 6,112,1051,1.0,0.1065651760228354
08041770_l3,15min,mad 8,112,783,1.0,0.14303959131545338
08041770_l3,15min,budget 175,112,174,0.9196428571428571,0.5919540229885057
