site_no,station_nm,state,lat,lon,huc_cd,site_tp_cd,begin_date,end_date,record_days,dt_min,n,approved_pct,precip_00045
01651770,"HICKEY RUN AT NATIONAL ARBORETUM AT WASHINGTON, DC",DC,38.9161111,-76.9688611,2070010.0,ST,2020-01-17,2026-08-17,2404.0,2.0,2877,0.0,False
01651800,"WATTS BRANCH AT WASHINGTON, DC",DC,38.90127778,-76.94327778,20700100204.0,ST,2020-01-22,2026-08-17,2399.0,2.0,2880,0.0,False
01304650,SHELTER ISLAND SOUND AT SHELTER ISLAND NY,NY,41.04430556,-72.3169722,2030202.0,ES,2022-09-19,2026-08-17,1428.0,2.0,1913,0.0,False
444306122144600,"DETROIT LAKE AT LOG BOOM BEHIND DETROIT DAM, OR",OR,44.7183194,-122.2461389,17090005.0,LK,2022-06-13,2026-08-17,1526.0,2.0,304,0.0,False
01649190,"PAINT BRANCH NEAR COLLEGE PARK, MD",MD,39.03336111,-76.96402778,20700100202.0,ST,2020-03-10,2026-08-17,2351.0,5.0,1148,100.0,False
0164579522,"THE GLADE NEAR HOWLAND DRIVE AT RESTON, VA",VA,38.9256,-77.32933889,2070008.0,ST,2021-05-18,2026-08-17,1917.0,5.0,1152,100.0,False
01648010,"Rock Creek at Joyce Rd Washington, DC",DC,38.960167,-77.042056,20700100102.0,ST,2021-05-24,2026-08-17,1911.0,5.0,1152,100.0,False
02054550,"ROANOKE RIVER AT RTS 639/760 AT SALEM, VA",VA,37.278056,-80.105278,30101010301.0,ST,2020-10-14,2026-08-17,2133.0,5.0,1127,100.0,False
01467200,"Delaware River at Penn's Landing, Philadelphia, PA",PA,39.946402,-75.1393603,2040202.0,ST,2021-10-28,2026-08-17,1754.0,5.0,1144,0.0,False
14246900,"COLUMBIA RIVER AT PORT WESTWARD, NEAR QUINCY, OR",OR,46.18122136,-123.1834539,17080003.0,ST-TS,2015-11-20,2026-08-17,3923.0,5.0,1150,0.0,False
073625897,"Lake Winona Raw Water Intake Pipe near Reform, AR",AR,34.7958333,-92.8416667,8040203.0,LK,2016-10-19,2026-08-17,3589.0,5.0,1049,100.0,False
072632996,"Lk Maumelle Raw Water Intake nr Natural Steps,AR",AR,34.85194444,-92.4891667,11110207.0,LK,2016-10-20,2026-08-17,3588.0,5.0,1149,100.0,False
16247100,"Manoa-Palolo Drainage Canal at Moiliili, Oahu, HI",HI,21.28652778,-157.8185556,20060000.0,ST-CA,2019-09-12,2026-08-17,2531.0,5.0,1128,0.0,False
16249000,"Waimanalo Str at Waimanalo, Oahu, HI",HI,21.34997222,-157.7289167,20060000.0,ST,2019-10-24,2026-08-17,2489.0,5.0,1017,100.0,False
16265000,"Kawa Str at Kaneohe, Oahu, HI",HI,21.40575,-157.7905,20060000.0,ST,2019-09-13,2026-08-17,2530.0,5.0,1145,100.0,False
05406469,"BREWERY CREEK-UPSTREAM SITE-AT CROSS PLAINS, WI",WI,43.12527778,-89.635,7070005.0,ST,2014-07-23,2026-08-17,4408.0,5.0,1152,0.0,False
03197937,"ELK RIVER AB ELK TWOMILE CREEK AT CHARLESTON, WV",WV,38.3692472,-81.60695,5050007.0,ST,2023-09-27,2026-08-17,1055.0,5.0,1148,100.0,False
03197950,"ELK RIVER AT CHARLESTON, WV",WV,38.3581527,-81.627068,5050007.0,ST,2023-09-25,2026-08-17,1057.0,5.0,1152,100.0,False
01651730,"BEAVERDAM CREEK NEAR CHEVERLY, MD",MD,38.91630556,-76.9343056,2070010.0,ST,2020-01-10,2026-08-17,2411.0,5.0,1152,100.0,False
01649500,"NORTHEAST BRANCH ANACOSTIA RIVER AT RIVERDALE, MD",MD,38.96025,-76.9259722,2070010.0,ST,2018-05-23,2026-08-17,3008.0,5.0,1143,0.0,False
05406479,"BLACK EARTH CK NR TREATMENT PLNT @ CROSS PLAINS,WI",WI,43.1147222,-89.6641667,7070005.0,ST,2009-10-02,2026-08-17,6163.0,5.0,56,0.0,False
16274100,"Kaneohe Str blw Kamehameha Hwy, Oahu, HI",HI,21.41180556,-157.798111,20060000.0,ST,2017-11-21,2026-08-17,3191.0,5.0,1138,100.0,False
16238500,"Waihi Stream at Honolulu, Oahu, HI",HI,21.3283611,-157.800861,20060000.0,ST,2017-10-05,2026-08-17,3238.0,5.0,677,100.0,False
16238000,"Makiki Stream at King St. bridge, Oahu, HI",HI,21.29663889,-157.83675,20060000.0,ST,2017-09-12,2026-08-17,3261.0,5.0,651,100.0,False
16210500,"Kaukonahua Str at Waialua, Oahu, HI",HI,21.56530556,-158.120361,20060000.0,ST,2017-09-22,2026-08-17,3251.0,5.0,235,100.0,False
12117500,"CEDAR RIVER NEAR LANDSBURG, WA",WA,47.39368648,-121.9545378,17110012.0,ST,2021-12-17,2026-08-17,1704.0,5.0,1152,0.0,False
0204289131,"STORM DRAIN AT DAISY DRIVE NEAR PORTSMOUTH, VA",VA,36.8624972,-76.3842472,2080208.0,FA-STS,2016-03-11,2026-06-25,3758.0,5.0,1149,0.0,False
0204289402,"STORM DRAIN AT CRANEYBROOK LANE AT EDGEFIELD, VA",VA,36.88354444,-76.3806361,2080208.0,FA-STS,2015-12-03,2026-02-09,3721.0,5.0,1134,0.0,False
01581752,"PLUMTREE RUN NEAR BEL AIR, MD",MD,39.49627778,-76.34744444,20600030102.0,ST,2019-12-12,2026-08-17,2440.0,5.0,1150,100.0,False
05406457,"BLACK EARTH CREEK NR BREWERY RD AT CROSS PLAINS,WI",WI,43.1097222,-89.6408333,7070005.0,ST,2009-10-02,2026-08-17,6163.0,5.0,1152,0.0,False
16213000,"Waikele Str at Waipahu, Oahu, HI",HI,21.38347222,-158.0109167,20060000.0,ST,2017-10-01,2025-12-12,2994.0,5.0,958,100.0,False
16244000,"Pukele Stream near Honolulu, Oahu, HI",HI,21.30666667,-157.7883333,20060000.0,ST,2017-09-19,2026-08-16,3253.0,5.0,1044,100.0,False
14144700,"COLUMBIA RIVER AT VANCOUVER, WA",WA,45.62067265,-122.6734306,17080003.0,ST-TS,2016-04-16,2026-08-17,3775.0,5.0,1129,0.0,False
01651003,"NORTHWEST BRANCH ANACOSTIA RIVER AT BRENTWOOD, MD",MD,38.9489722,-76.9562222,2070010.0,ST,2023-05-31,2026-08-17,1174.0,5.0,1114,0.0,False
0204289989,"STORM DRAIN AT SHEPPARD AVENUE NEAR NORFOLK, VA",VA,36.92351389,-76.2504972,2080208.0,FA-STS,2024-08-06,2026-08-17,741.0,5.0,1147,0.0,False
0204279294,"STORM DRAIN AT LAKEWOOD PK DR NR NEWPORT NEWS, VA",VA,37.10255,-76.5444306,2080206.0,FA-STS,2024-08-01,2026-08-17,746.0,5.0,1151,0.0,False
0204279245,"STORM DRAIN AT RIVERS RDG CIR NR NEWPORT NEWS, VA",VA,37.16720278,-76.5662167,2080206.0,FA-STS,2024-08-01,2026-08-17,746.0,5.0,1149,0.0,False
393259107194801,"COLORADO R ABV ROARING FORK R AT GLENWOOD SPGS, CO",CO,39.54975,-107.3301,140100050102.0,ST,2021-09-24,2026-08-17,1788.0,5.0,1147,100.0,False
01589290,"SCOTTS LEVEL BRANCH AT ROCKDALE, MD",MD,39.36158333,-76.76175,20600030902.0,ST,2005-12-31,2026-08-17,7534.0,5.0,1149,100.0,False
01135100,"POPE BROOK TRIBUTARY (W-9), NR NORTH DANVILLE, VT",VT,44.49061087,-72.1617667,1080102.0,ST,2021-12-14,2026-08-17,1707.0,5.0,1152,100.0,False
14243000,"COWLITZ RIVER AT CASTLE ROCK, WA",WA,46.2748332,-122.9145587,17080005.0,ST,2020-10-29,2026-08-17,2118.0,5.0,1123,0.0,False
10349700,"WHITES CK NR STEAMBOAT, NV",NV,39.385278,-119.834444,160501020305.0,ST,2024-07-16,2026-08-17,762.0,5.0,739,100.0,False
16226200,"N. Halawa Str nr Honolulu, Oahu, HI",HI,21.382,-157.9033333,20060000.0,ST,2020-07-04,2026-08-17,2235.0,5.0,299,100.0,False
0164578734,"SNAKEDEN BRANCH ABOVE LAKE AUDUBON AT RESTON, VA",VA,38.929661,-77.341139,20700081004.0,ST,2021-03-11,2026-08-17,1985.0,5.0,1152,100.0,False
040851385,"FOX RIVER AT OIL TANK DEPOT AT GREEN BAY, WI",WI,44.5286111,-88.01,4030204.0,ST,2011-03-18,2026-08-17,5631.0,5.0,1086,0.0,False
01362342,HOLLOW TREE BROOK AT LANESVILLE NY,NY,42.14175,-74.2648611,2020006.0,ST,2017-02-15,2026-07-07,3429.0,5.0,174,0.0,False
10348000,"TRUCKEE RV AT RENO, NV",NV,39.53018865,-119.7954684,16050102.0,ST,2023-02-02,2026-08-17,1292.0,5.0,1036,100.0,False
01585075,"FOSTER BRANCH NEAR JOPPATOWNE, MD",MD,39.40852778,-76.34263889,20600030602.0,ST,2019-11-15,2026-08-17,2467.0,5.0,1152,0.0,False
01579550,"SUSQUEHANNA RIVER NEAR DARLINGTON, MD",MD,39.62605556,-76.15775,2050306.0,ST,2014-02-10,2026-08-17,4571.0,5.0,1152,100.0,False
0204309906,"CONVEYANCE CHAN AT RAMSGATE LN NR GREAT BRIDGE, VA",VA,36.69064444,-76.2123167,3010205.0,ST-CA,2024-07-30,2026-08-17,748.0,5.0,597,100.0,False
0204306533,"STORM DRAIN AT LUDLOW DRIVE NEAR KEMPSVILLE, VA",VA,36.7912083,-76.1313361,3010205.0,FA-STS,2024-07-31,2026-08-17,747.0,5.0,1020,0.0,False
0204295063,"STORM DRAIN AT LINDSLEY DR NEAR VIRGINIA BEACH, VA",VA,36.85802778,-76.0221944,2080108.0,FA-STS,2024-07-31,2026-08-17,747.0,5.0,1143,0.0,False
01650800,"SLIGO CREEK NEAR TAKOMA PARK, MD",MD,38.9862222,-77.0048611,2070010.0,ST,2019-07-10,2026-08-17,2595.0,5.0,1150,0.0,False
0204288786,"STORM DRAIN AT PROFESSIONAL PL NEAR CHESAPEAKE, VA",VA,36.7638111,-76.22907778,2080208.0,FA-STS,2024-07-30,2026-08-17,748.0,5.0,861,0.0,False
01651827,"Anacostia River nr Buzzard Point at Washington, DC",DC,38.86516667,-77.0103333,2070010.0,ST-TS,2019-03-11,2026-08-17,2716.0,5.0,1152,100.0,False
01651760,"ANACOSTIA RIVER AT KENILWORTH AT WASHINGTON, DC",DC,38.90916667,-76.95527778,2070010.0,ST-TS,2024-07-03,2026-08-17,775.0,5.0,1152,100.0,False
01594441,Patuxent R at Gov Bridge Natural Area nr Bowie MD,MD,38.9468333,-76.69488889,2060006.0,ST,2024-04-26,2026-08-17,843.0,5.0,1132,100.0,False
