site_no,station_nm,approved_pct,n_approved,dt_min,span_days,complete_pct,grid_complete_pct,nan_pct,longest_gap_hr,unbroken_days,median_fnu,p05_fnu,p95_fnu,max_fnu,n_base_spikes,base_spike_pct,n_raw,note
01651770,"HICKEY RUN AT NATIONAL ARBORETUM AT WASHINGTON, DC",100.0,522338.0,2.0,732.0,99.1,99.1,0.0,54.6,498.0,6.8,2.1,41.1,2760.0,3260.0,0.624,,
01651800,"WATTS BRANCH AT WASHINGTON, DC",100.0,500366.0,2.0,732.0,94.9,94.9,0.0,337.6,252.0,6.8,2.0,39.6,1130.0,1640.0,0.328,,
01304650,SHELTER ISLAND SOUND AT SHELTER ISLAND NY,77.6,121558.0,6.0,606.0,83.6,83.6,0.0,1160.9,147.0,2.8,1.6,5.9,64.4,1350.0,1.111,,
444306122144600,"DETROIT LAKE AT LOG BOOM BEHIND DETROIT DAM, OR",30.9,9001.0,60.0,732.0,51.2,51.2,0.0,4037.0,110.0,0.8,0.2,3.4,36.0,185.0,2.056,,
01649190,"PAINT BRANCH NEAR COLLEGE PARK, MD",50.6,99629.0,5.0,729.0,47.4,47.4,0.0,8738.8,131.0,1.1,0.3,12.6,601.0,1217.0,1.222,,
0164579522,"THE GLADE NEAR HOWLAND DRIVE AT RESTON, VA",100.0,208388.0,5.0,732.0,98.8,98.8,0.0,52.8,190.0,2.4,0.4,15.9,424.0,794.0,0.381,,
01648010,"Rock Creek at Joyce Rd Washington, DC",100.0,205561.0,5.0,732.0,97.5,97.5,0.0,172.2,315.0,3.8,1.2,40.1,668.0,778.0,0.378,,
02054550,"ROANOKE RIVER AT RTS 639/760 AT SALEM, VA",100.0,202278.0,5.0,732.0,96.0,96.0,0.0,82.5,143.0,1.9,0.5,20.7,817.0,622.0,0.307,,
01467200,"Delaware River at Penn's Landing, Philadelphia, PA",100.0,203720.0,5.0,732.0,96.6,96.6,0.0,126.2,289.0,6.5,2.9,16.2,95.8,206.0,0.101,,
14246900,"COLUMBIA RIVER AT PORT WESTWARD, NEAR QUINCY, OR",29.3,61691.0,5.0,214.0,100.3,99.9,0.0,0.7,214.0,3.5,2.0,27.6,120.0,19.0,0.031,,
073625897,"Lake Winona Raw Water Intake Pipe near Reform, AR",100.0,183557.0,5.0,732.0,87.1,87.1,0.0,270.1,379.0,1.5,0.5,6.3,34.5,4.0,0.002,,
072632996,"Lk Maumelle Raw Water Intake nr Natural Steps,AR",100.0,207394.0,5.0,732.0,98.4,98.4,0.0,25.5,240.0,2.8,1.0,9.5,26.6,71.0,0.034,,
16247100,"Manoa-Palolo Drainage Canal at Moiliili, Oahu, HI",0.0,,,,,,,,,,,,,,,173764.0,no approved rows in window
16249000,"Waimanalo Str at Waimanalo, Oahu, HI",100.0,190947.0,5.0,727.0,91.1,91.1,0.0,428.3,137.0,6.0,3.0,19.0,4920.0,520.0,0.272,,
16265000,"Kawa Str at Kaneohe, Oahu, HI",100.0,174311.0,5.0,732.0,82.7,82.7,0.0,1800.3,328.0,3.0,1.0,13.2,1150.0,639.0,0.367,,
05406469,"BREWERY CREEK-UPSTREAM SITE-AT CROSS PLAINS, WI",0.0,,,,,,,,,,,,,,,157469.0,no approved rows in window
03197937,"ELK RIVER AB ELK TWOMILE CREEK AT CHARLESTON, WV",100.0,181946.0,5.0,644.0,98.2,98.2,0.0,238.9,427.0,5.4,1.9,55.0,867.0,662.0,0.364,,
03197950,"ELK RIVER AT CHARLESTON, WV",100.0,179584.0,5.0,646.0,96.6,96.6,0.0,70.7,234.0,6.8,2.7,54.4,904.0,693.0,0.386,,
01651730,"BEAVERDAM CREEK NEAR CHEVERLY, MD",100.0,198737.0,5.0,732.0,94.3,94.3,0.0,221.1,212.0,9.0,4.0,74.8,1030.0,1668.0,0.839,,
01649500,"NORTHEAST BRANCH ANACOSTIA RIVER AT RIVERDALE, MD",100.0,202494.0,5.0,732.0,96.1,96.1,0.0,161.4,260.0,4.3,1.3,44.1,1890.0,1516.0,0.749,,
05406479,"BLACK EARTH CK NR TREATMENT PLNT @ CROSS PLAINS,WI",0.0,,,,,,,,,,,,,,,128277.0,no approved rows in window
16274100,"Kaneohe Str blw Kamehameha Hwy, Oahu, HI",100.0,178705.0,5.0,732.0,84.8,84.8,0.0,1249.6,133.0,10.0,6.0,24.0,1760.0,555.0,0.311,,
16238500,"Waihi Stream at Honolulu, Oahu, HI",100.0,200259.0,5.0,732.0,95.0,95.0,0.0,91.1,175.0,3.3,1.0,32.1,5420.0,629.0,0.314,,
16238000,"Makiki Stream at King St. bridge, Oahu, HI",100.0,188150.0,5.0,732.0,89.2,89.2,0.0,483.1,97.0,2.0,0.7,14.6,2090.0,1900.0,1.01,,
16210500,"Kaukonahua Str at Waialua, Oahu, HI",100.0,67253.0,5.0,273.0,85.4,85.4,0.0,376.5,92.0,11.0,5.0,56.0,1300.0,40.0,0.059,,
12117500,"CEDAR RIVER NEAR LANDSBURG, WA",100.0,127068.0,5.0,705.0,62.6,62.6,0.0,460.1,117.0,0.7,0.3,2.5,26.4,1722.0,1.355,,
0204289131,"STORM DRAIN AT DAISY DRIVE NEAR PORTSMOUTH, VA",46.8,81234.0,5.0,402.0,70.1,70.1,0.0,401.4,38.0,5.6,1.1,24.7,1540.0,1213.0,1.493,,
0204289402,"STORM DRAIN AT CRANEYBROOK LANE AT EDGEFIELD, VA",53.8,107135.0,5.0,402.0,92.4,92.4,0.0,81.0,54.0,3.5,0.3,15.2,670.0,1753.0,1.636,,
01581752,"PLUMTREE RUN NEAR BEL AIR, MD",100.0,205447.0,5.0,732.0,97.5,97.5,0.0,122.6,424.0,0.5,0.0,8.2,1260.0,812.0,0.395,,
05406457,"BLACK EARTH CREEK NR BREWERY RD AT CROSS PLAINS,WI",0.0,,,,,,,,,,,,,,,141009.0,no approved rows in window
16213000,"Waikele Str at Waipahu, Oahu, HI",100.0,72526.0,5.0,271.0,92.8,92.8,0.0,40.2,97.0,3.6,0.8,59.4,2030.0,174.0,0.24,,
16244000,"Pukele Stream near Honolulu, Oahu, HI",100.0,188786.0,5.0,732.0,89.6,89.6,0.0,419.1,252.0,1.0,1.0,10.0,5720.0,302.0,0.16,,
14144700,"COLUMBIA RIVER AT VANCOUVER, WA",68.0,140421.0,5.0,496.0,98.2,96.8,0.0,17.7,360.0,3.0,0.8,8.5,47.7,205.0,0.148,,
01651003,"NORTHWEST BRANCH ANACOSTIA RIVER AT BRENTWOOD, MD",100.0,198079.0,5.0,732.0,94.0,94.0,0.0,177.1,119.0,3.6,1.3,43.5,576.0,1399.0,0.706,,
0204289989,"STORM DRAIN AT SHEPPARD AVENUE NEAR NORFOLK, VA",47.5,80410.0,5.0,403.0,69.4,69.4,0.0,221.0,20.0,4.7,1.7,17.7,527.0,1368.0,1.701,,
0204279294,"STORM DRAIN AT LAKEWOOD PK DR NR NEWPORT NEWS, VA",53.7,104520.0,5.0,397.0,91.3,91.3,0.0,212.6,88.0,0.1,0.0,17.6,691.0,1940.0,1.856,,
0204279245,"STORM DRAIN AT RIVERS RDG CIR NR NEWPORT NEWS, VA",50.2,84593.0,5.0,393.0,74.7,74.7,0.0,140.5,33.0,3.2,0.5,16.3,756.0,1337.0,1.581,,
393259107194801,"COLORADO R ABV ROARING FORK R AT GLENWOOD SPGS, CO",100.0,95801.0,5.0,732.0,45.4,45.4,0.0,406.8,102.0,6.3,2.7,39.4,2730.0,1036.0,1.081,,
01589290,"SCOTTS LEVEL BRANCH AT ROCKDALE, MD",91.3,190474.0,5.0,732.0,90.4,90.4,0.0,1515.4,263.0,2.8,1.0,28.4,1440.0,1730.0,0.908,,
01135100,"POPE BROOK TRIBUTARY (W-9), NR NORTH DANVILLE, VT",100.0,127372.0,5.0,732.0,60.4,60.4,0.0,50.6,360.0,3.0,0.3,21.3,3050.0,1281.0,1.006,,
14243000,"COWLITZ RIVER AT CASTLE ROCK, WA",20.7,36060.0,5.0,194.0,64.7,64.7,0.0,614.8,37.0,3.6,1.6,128.0,1940.0,231.0,0.641,,
10349700,"WHITES CK NR STEAMBOAT, NV",100.0,93700.0,5.0,350.0,92.8,92.8,0.0,303.0,289.0,3.8,1.7,8.0,169.0,150.0,0.16,,
16226200,"N. Halawa Str nr Honolulu, Oahu, HI",100.0,24063.0,5.0,673.0,12.4,12.4,0.0,1621.4,8.0,6.0,1.0,97.0,2500.0,541.0,2.248,,
0164578734,"SNAKEDEN BRANCH ABOVE LAKE AUDUBON AT RESTON, VA",100.0,194798.0,5.0,732.0,92.4,92.4,0.0,477.1,253.0,1.5,0.3,15.2,591.0,2283.0,1.172,,
040851385,"FOX RIVER AT OIL TANK DEPOT AT GREEN BAY, WI",100.0,201120.0,5.0,732.0,95.4,95.4,0.0,314.5,246.0,11.3,4.1,37.7,186.0,826.0,0.411,,
01362342,HOLLOW TREE BROOK AT LANESVILLE NY,100.0,29530.0,5.0,732.0,14.0,14.0,0.0,9421.7,41.0,0.3,0.2,2.6,485.0,324.0,1.097,,
10348000,"TRUCKEE RV AT RENO, NV",100.0,163308.0,5.0,725.0,78.2,78.2,0.0,640.1,153.0,5.1,1.6,11.5,2380.0,649.0,0.397,,
01585075,"FOSTER BRANCH NEAR JOPPATOWNE, MD",100.0,208196.0,5.0,732.0,98.8,98.8,0.0,109.3,521.0,11.6,5.5,91.1,3400.0,772.0,0.371,,
01579550,"SUSQUEHANNA RIVER NEAR DARLINGTON, MD",100.0,205558.0,5.0,731.0,97.7,97.7,0.0,336.8,322.0,6.4,0.9,32.2,275.0,755.0,0.367,,
0204309906,"CONVEYANCE CHAN AT RAMSGATE LN NR GREAT BRIDGE, VA",50.4,72802.0,5.0,337.0,75.1,75.1,0.0,256.0,39.0,5.3,2.2,15.8,610.0,750.0,1.03,,
0204306533,"STORM DRAIN AT LUDLOW DRIVE NEAR KEMPSVILLE, VA",49.9,88171.0,5.0,392.0,78.1,78.1,0.0,208.0,48.0,4.7,1.4,27.7,264.0,723.0,0.82,,
0204295063,"STORM DRAIN AT LINDSLEY DR NEAR VIRGINIA BEACH, VA",53.7,104136.0,5.0,396.0,91.2,91.2,0.0,242.4,133.0,0.0,0.0,5.8,960.0,1225.0,1.176,,
01650800,"SLIGO CREEK NEAR TAKOMA PARK, MD",100.0,208642.0,5.0,732.0,99.0,99.0,0.0,22.6,182.0,1.5,0.4,18.1,961.0,989.0,0.474,,
0204288786,"STORM DRAIN AT PROFESSIONAL PL NEAR CHESAPEAKE, VA",59.9,98302.0,5.0,395.0,86.3,86.3,0.0,290.6,67.0,22.5,5.7,45.2,992.0,1488.0,1.514,,
01651827,"Anacostia River nr Buzzard Point at Washington, DC",100.0,82426.0,15.0,732.0,117.3,98.6,0.0,194.5,379.0,6.0,3.5,22.9,140.0,156.0,0.225,,
01651760,"ANACOSTIA RIVER AT KENILWORTH AT WASHINGTON, DC",100.0,100966.0,5.0,363.0,96.5,96.5,0.0,296.8,211.0,13.9,7.8,38.1,338.0,103.0,0.102,,
01594441,Patuxent R at Gov Bridge Natural Area nr Bowie MD,100.0,119891.0,5.0,432.0,96.5,96.5,0.0,108.4,204.0,10.6,3.5,48.9,338.0,670.0,0.559,,
03447687,"French Broad R nr Fletcher, NC [INCUMBENT 15-min]",100.0,67027.0,15.0,732.0,95.4,95.4,0.0,308.2,513.0,8.3,3.0,62.4,1000.0,273.0,0.407,,
02198840,"Savannah R at I-95 nr Port Wentworth, GA [INCUMBENT 15-min]",100.0,69297.0,15.0,732.0,98.6,98.6,0.0,12.5,294.0,13.2,7.1,25.9,124.0,83.0,0.12,,
08041770,"LNVA Canal at Beaumont, TX [INCUMBENT 15-min]",100.0,69836.0,15.0,732.0,99.4,99.4,0.0,59.2,663.0,28.4,18.8,44.1,140.0,39.0,0.056,,
