dataset,median,mad,std,shift_mag_min,shift_mag_med,shift_mag_max,q0.99_1h,q0.999_1h,q0.9995_1h,q0.9999_1h,q0.99_3h,q0.999_3h,q0.9995_3h,q0.9999_3h,q0.99_6h,q0.999_6h,q0.9995_6h,q0.9999_6h,q0.99_12h,q0.999_12h,q0.9995_12h,q0.9999_12h
01467200_l1,6.5,3.1134599999999995,5.228699560972647,6.953678469529352,6.953678469529355,6.953678469529357,7.475000000000001,12.633041666666491,14.117700186996148,16.346047348484962,9.139111111111125,14.210055555555952,17.6432045454547,23.790059365077713,5.995014492753636,13.929657276995288,22.002653922569863,31.821087887324754,6.2819487003824905,24.537137906065443,27.30504131329718,29.520162304176534
01467200_l2,6.5,3.1134599999999995,5.273668045627828,10.744175876041158,10.744175876041165,16.408812284079332,7.6000000000000005,12.799358333333414,14.216666666666665,16.723473181818154,9.238813492063503,14.112108220211582,17.482763888889334,23.794826904760818,6.227777777777777,15.405240678798933,22.007644839934187,31.827509518784005,7.716856940561852,24.539643158260176,27.30746912661806,29.520539534189506
01467200_l3,6.5,3.1134599999999995,5.256008092413478,3.4,11.443289489716966,11.443289489716971,7.766391065254509,13.240834913691902,14.712450000000052,17.94182965906117,9.146917460317468,13.686179347843087,17.137133333333704,23.802388444447562,6.232008573178193,13.564286327608801,21.98063927374664,31.83779630281414,6.764680515884771,23.996494439786247,26.8928824889825,28.40897094208674
02054550_l1,1.9,1.3343399999999999,28.144348769096077,0.7091473809303079,0.7091473809303079,0.7091473809303084,17.63333333333334,110.3414393939384,145.81250000000486,293.2151666666841,43.686928571428545,216.1491694444407,294.16971111111087,411.7120591666692,75.17048611111113,298.43179563492066,388.7077126902831,463.75597735719924,106.93414939309038,315.33488433110983,417.32189008023886,497.0657297648233
02054550_l2,1.9,1.3343399999999999,28.155875189932882,0.5250888201658419,1.0769854016184741,1.076985401618475,17.659583333333305,110.3746249999987,145.83812500000204,293.26139166668963,43.81541666666696,216.28793055555633,294.2072736111214,411.722343055557,75.25474516908157,298.4777857142881,388.884284722223,463.75777490219,107.13181743714028,315.47269135802526,417.38927923742943,497.09375528791577
02054550_l3,1.9,1.3343399999999999,28.19522243829431,0.4,0.6,1.5186111719195288,17.84666666666671,110.42349999999885,145.85250000000087,293.3355666666461,43.96611111111107,216.52655555555717,294.32447777777855,411.738922222228,75.67703435127835,298.5542380952379,388.91085101010094,463.7606543818461,107.47461029411753,315.688161616155,417.4719628954496,497.1386492538588
040851385_l1,11.3,7.264739999999997,11.796783373286628,2.310825061508403,2.310825061508405,2.310825061508405,7.449999999999999,18.903074242424214,27.47144583333332,42.05477916666593,9.642970634920639,24.77799444444455,32.09874977124209,54.13737601550702,13.99730831172769,30.32272104018907,40.61050927230044,56.639098774206836,21.062056516636055,40.71008077191684,46.60021676588972,63.61968847290005
040851385_l2,11.4,7.26474,11.824826849701203,3.198075170616347,3.4072901698437716,3.4072901698437725,7.574999999999996,20.547359848485087,27.483333333333327,42.057479166666845,9.892416666666646,24.781561111111333,32.100225392156965,54.163379926513755,14.005992370892038,30.329726179463755,40.615850312989274,56.675619269425084,20.9813649424673,40.690339655642504,47.18925844988534,63.636111301831555
040851385_l3,11.3,7.26474,11.896881226729606,7.649325546093358,7.649553913170994,9.826123047906563,7.899999999999996,20.132881818181737,29.860700000001334,42.0618166666655,9.904815233785826,25.104805238094478,32.102583627451104,54.204937578681104,13.817582263186965,32.343160602503616,43.485475841158525,56.734294377837436,21.303713803336137,41.91336808377775,47.222328517582376,63.6624189614711
