dataset,gauge,level,median,std,mad,step_mad,window,k,thresh,n_events,detected,n_flagged,pct_flagged,n_clusters,fp_clusters
01467200_l1,01467200,l1,6.5,5.228699560972647,3.1134599999999995,0.7413,1h,0.5,1.5567299999999997,2,2,5205,2.4689776867030964,3003,2999
01467200_l1,01467200,l1,6.5,5.228699560972647,3.1134599999999995,0.7413,1h,1.0,3.1134599999999995,2,2,1747,0.828684729811779,1409,1405
01467200_l1,01467200,l1,6.5,5.228699560972647,3.1134599999999995,0.7413,1h,2.0,6.226919999999999,2,2,337,0.1598550394656952,333,331
01467200_l1,01467200,l1,6.5,5.228699560972647,3.1134599999999995,0.7413,1h,3.0,9.340379999999998,2,0,123,0.05834471766848816,123,123
01467200_l1,01467200,l1,6.5,5.228699560972647,3.1134599999999995,0.7413,1h,4.0,12.453839999999998,2,0,42,0.019922586520947177,42,42
01467200_l1,01467200,l1,6.5,5.228699560972647,3.1134599999999995,0.7413,1h,5.0,15.567299999999998,2,0,12,0.005692167577413479,12,12
01467200_l1,01467200,l1,6.5,5.228699560972647,3.1134599999999995,0.7413,1h,6.0,18.680759999999996,2,0,1,0.0004743472981177899,1,1
01467200_l1,01467200,l1,6.5,5.228699560972647,3.1134599999999995,0.7413,1h,8.0,24.907679999999996,2,0,0,0.0,0,0
01467200_l1,01467200,l1,6.5,5.228699560972647,3.1134599999999995,0.7413,1h,10.0,31.134599999999995,2,0,0,0.0,0,0
01467200_l1,01467200,l1,6.5,5.228699560972647,3.1134599999999995,0.7413,1h,12.0,37.36151999999999,2,0,0,0.0,0,0
01467200_l1,01467200,l1,6.5,5.228699560972647,3.1134599999999995,0.7413,1h,15.0,46.701899999999995,2,0,0,0.0,0,0
01467200_l1,01467200,l1,6.5,5.228699560972647,3.1134599999999995,0.7413,1h,20.0,62.26919999999999,2,0,0,0.0,0,0
01467200_l1,01467200,l1,6.5,5.228699560972647,3.1134599999999995,0.7413,3h,0.5,1.5567299999999997,2,2,8806,4.177102307225258,1417,1415
01467200_l1,01467200,l1,6.5,5.228699560972647,3.1134599999999995,0.7413,3h,1.0,3.1134599999999995,2,2,2846,1.3499924104432302,898,896
01467200_l1,01467200,l1,6.5,5.228699560972647,3.1134599999999995,0.7413,3h,2.0,6.226919999999999,2,1,704,0.3339404978749241,253,252
01467200_l1,01467200,l1,6.5,5.228699560972647,3.1134599999999995,0.7413,3h,3.0,9.340379999999998,2,0,211,0.10008727990285367,85,85
01467200_l1,01467200,l1,6.5,5.228699560972647,3.1134599999999995,0.7413,3h,4.0,12.453839999999998,2,0,53,0.025140406800242866,25,25
01467200_l1,01467200,l1,6.5,5.228699560972647,3.1134599999999995,0.7413,3h,5.0,15.567299999999998,2,0,7,0.0033204310868245293,7,7
01467200_l1,01467200,l1,6.5,5.228699560972647,3.1134599999999995,0.7413,3h,6.0,18.680759999999996,2,0,4,0.0018973891924711596,4,4
01467200_l1,01467200,l1,6.5,5.228699560972647,3.1134599999999995,0.7413,3h,8.0,24.907679999999996,2,0,1,0.0004743472981177899,1,1
01467200_l1,01467200,l1,6.5,5.228699560972647,3.1134599999999995,0.7413,3h,10.0,31.134599999999995,2,0,0,0.0,0,0
01467200_l1,01467200,l1,6.5,5.228699560972647,3.1134599999999995,0.7413,3h,12.0,37.36151999999999,2,0,0,0.0,0,0
01467200_l1,01467200,l1,6.5,5.228699560972647,3.1134599999999995,0.7413,3h,15.0,46.701899999999995,2,0,0,0.0,0,0
01467200_l1,01467200,l1,6.5,5.228699560972647,3.1134599999999995,0.7413,3h,20.0,62.26919999999999,2,0,0,0.0,0,0
01467200_l1,01467200,l1,6.5,5.228699560972647,3.1134599999999995,0.7413,6h,0.5,1.5567299999999997,2,2,4156,1.971387370977535,630,628
01467200_l1,01467200,l1,6.5,5.228699560972647,3.1134599999999995,0.7413,6h,1.0,3.1134599999999995,2,2,1081,0.5127694292653309,258,256
01467200_l1,01467200,l1,6.5,5.228699560972647,3.1134599999999995,0.7413,6h,2.0,6.226919999999999,2,2,127,0.06024210686095932,42,40
01467200_l1,01467200,l1,6.5,5.228699560972647,3.1134599999999995,0.7413,6h,3.0,9.340379999999998,2,0,41,0.019448239222829386,11,11
01467200_l1,01467200,l1,6.5,5.228699560972647,3.1134599999999995,0.7413,6h,4.0,12.453839999999998,2,0,6,0.0028460837887067394,6,6
01467200_l1,01467200,l1,6.5,5.228699560972647,3.1134599999999995,0.7413,6h,5.0,15.567299999999998,2,0,3,0.0014230418943533697,3,3
01467200_l1,01467200,l1,6.5,5.228699560972647,3.1134599999999995,0.7413,6h,6.0,18.680759999999996,2,0,2,0.0009486945962355798,2,2
01467200_l1,01467200,l1,6.5,5.228699560972647,3.1134599999999995,0.7413,6h,8.0,24.907679999999996,2,0,2,0.0009486945962355798,2,2
01467200_l1,01467200,l1,6.5,5.228699560972647,3.1134599999999995,0.7413,6h,10.0,31.134599999999995,2,0,1,0.0004743472981177899,1,1
01467200_l1,01467200,l1,6.5,5.228699560972647,3.1134599999999995,0.7413,6h,12.0,37.36151999999999,2,0,0,0.0,0,0
01467200_l1,01467200,l1,6.5,5.228699560972647,3.1134599999999995,0.7413,6h,15.0,46.701899999999995,2,0,0,0.0,0,0
01467200_l1,01467200,l1,6.5,5.228699560972647,3.1134599999999995,0.7413,6h,20.0,62.26919999999999,2,0,0,0.0,0,0
01467200_l1,01467200,l1,6.5,5.228699560972647,3.1134599999999995,0.7413,12h,0.5,1.5567299999999997,2,2,1682,0.7978521554341227,209,208
01467200_l1,01467200,l1,6.5,5.228699560972647,3.1134599999999995,0.7413,12h,1.0,3.1134599999999995,2,2,577,0.27369839101396476,48,47
01467200_l1,01467200,l1,6.5,5.228699560972647,3.1134599999999995,0.7413,12h,2.0,6.226919999999999,2,0,134,0.06356253794778385,13,13
01467200_l1,01467200,l1,6.5,5.228699560972647,3.1134599999999995,0.7413,12h,3.0,9.340379999999998,2,0,9,0.00426912568306011,6,6
01467200_l1,01467200,l1,6.5,5.228699560972647,3.1134599999999995,0.7413,12h,4.0,12.453839999999998,2,0,4,0.0018973891924711596,4,4
01467200_l1,01467200,l1,6.5,5.228699560972647,3.1134599999999995,0.7413,12h,5.0,15.567299999999998,2,0,2,0.0009486945962355798,2,2
01467200_l1,01467200,l1,6.5,5.228699560972647,3.1134599999999995,0.7413,12h,6.0,18.680759999999996,2,0,2,0.0009486945962355798,2,2
01467200_l1,01467200,l1,6.5,5.228699560972647,3.1134599999999995,0.7413,12h,8.0,24.907679999999996,2,0,2,0.0009486945962355798,2,2
01467200_l1,01467200,l1,6.5,5.228699560972647,3.1134599999999995,0.7413,12h,10.0,31.134599999999995,2,0,0,0.0,0,0
01467200_l1,01467200,l1,6.5,5.228699560972647,3.1134599999999995,0.7413,12h,12.0,37.36151999999999,2,0,0,0.0,0,0
01467200_l1,01467200,l1,6.5,5.228699560972647,3.1134599999999995,0.7413,12h,15.0,46.701899999999995,2,0,0,0.0,0,0
01467200_l1,01467200,l1,6.5,5.228699560972647,3.1134599999999995,0.7413,12h,20.0,62.26919999999999,2,0,0,0.0,0,0
01467200_l2,01467200,l2,6.5,5.273668045627828,3.1134599999999995,0.7413,1h,0.5,1.5567299999999997,5,5,5305,2.5164124165148753,3019,3004
01467200_l2,01467200,l2,6.5,5.273668045627828,3.1134599999999995,0.7413,1h,1.0,3.1134599999999995,5,5,1813,0.8599916514875531,1435,1424
01467200_l2,01467200,l2,6.5,5.273668045627828,3.1134599999999995,0.7413,1h,2.0,6.226919999999999,5,3,361,0.17123937462052216,340,334
01467200_l2,01467200,l2,6.5,5.273668045627828,3.1134599999999995,0.7413,1h,3.0,9.340379999999998,5,3,133,0.06308819064966606,132,126
01467200_l2,01467200,l2,6.5,5.273668045627828,3.1134599999999995,0.7413,1h,4.0,12.453839999999998,5,2,47,0.022294323011536128,47,43
01467200_l2,01467200,l2,6.5,5.273668045627828,3.1134599999999995,0.7413,1h,5.0,15.567299999999998,5,1,13,0.006166514875531269,13,12
01467200_l2,01467200,l2,6.5,5.273668045627828,3.1134599999999995,0.7413,1h,6.0,18.680759999999996,5,1,3,0.0014230418943533697,3,2
01467200_l2,01467200,l2,6.5,5.273668045627828,3.1134599999999995,0.7413,1h,8.0,24.907679999999996,5,0,1,0.0004743472981177899,1,1
01467200_l2,01467200,l2,6.5,5.273668045627828,3.1134599999999995,0.7413,1h,10.0,31.134599999999995,5,0,1,0.0004743472981177899,1,1
01467200_l2,01467200,l2,6.5,5.273668045627828,3.1134599999999995,0.7413,1h,12.0,37.36151999999999,5,0,1,0.0004743472981177899,1,1
01467200_l2,01467200,l2,6.5,5.273668045627828,3.1134599999999995,0.7413,1h,15.0,46.701899999999995,5,0,1,0.0004743472981177899,1,1
01467200_l2,01467200,l2,6.5,5.273668045627828,3.1134599999999995,0.7413,1h,20.0,62.26919999999999,5,0,0,0.0,0,0
01467200_l2,01467200,l2,6.5,5.273668045627828,3.1134599999999995,0.7413,3h,0.5,1.5567299999999997,5,5,8653,4.1045271706132365,1422,1417
01467200_l2,01467200,l2,6.5,5.273668045627828,3.1134599999999995,0.7413,3h,1.0,3.1134599999999995,5,4,2815,1.3352876442015786,906,901
01467200_l2,01467200,l2,6.5,5.273668045627828,3.1134599999999995,0.7413,3h,2.0,6.226919999999999,5,3,697,0.3306200667880996,255,251
01467200_l2,01467200,l2,6.5,5.273668045627828,3.1134599999999995,0.7413,3h,3.0,9.340379999999998,5,2,215,0.10198466909532483,89,86
01467200_l2,01467200,l2,6.5,5.273668045627828,3.1134599999999995,0.7413,3h,4.0,12.453839999999998,5,2,56,0.026563448694596235,28,25
01467200_l2,01467200,l2,6.5,5.273668045627828,3.1134599999999995,0.7413,3h,5.0,15.567299999999998,5,1,8,0.0037947783849423193,8,7
01467200_l2,01467200,l2,6.5,5.273668045627828,3.1134599999999995,0.7413,3h,6.0,18.680759999999996,5,1,5,0.0023717364905889494,5,4
01467200_l2,01467200,l2,6.5,5.273668045627828,3.1134599999999995,0.7413,3h,8.0,24.907679999999996,5,0,2,0.0009486945962355798,2,2
01467200_l2,01467200,l2,6.5,5.273668045627828,3.1134599999999995,0.7413,3h,10.0,31.134599999999995,5,0,1,0.0004743472981177899,1,1
01467200_l2,01467200,l2,6.5,5.273668045627828,3.1134599999999995,0.7413,3h,12.0,37.36151999999999,5,0,1,0.0004743472981177899,1,1
01467200_l2,01467200,l2,6.5,5.273668045627828,3.1134599999999995,0.7413,3h,15.0,46.701899999999995,5,0,1,0.0004743472981177899,1,1
01467200_l2,01467200,l2,6.5,5.273668045627828,3.1134599999999995,0.7413,3h,20.0,62.26919999999999,5,0,0,0.0,0,0
01467200_l2,01467200,l2,6.5,5.273668045627828,3.1134599999999995,0.7413,6h,0.5,1.5567299999999997,5,5,4136,1.961900425015179,634,630
01467200_l2,01467200,l2,6.5,5.273668045627828,3.1134599999999995,0.7413,6h,1.0,3.1134599999999995,5,5,1070,0.5075516089860352,252,248
01467200_l2,01467200,l2,6.5,5.273668045627828,3.1134599999999995,0.7413,6h,2.0,6.226919999999999,5,5,131,0.06213949605343048,44,40
01467200_l2,01467200,l2,6.5,5.273668045627828,3.1134599999999995,0.7413,6h,3.0,9.340379999999998,5,3,44,0.020871281117182755,14,11
01467200_l2,01467200,l2,6.5,5.273668045627828,3.1134599999999995,0.7413,6h,4.0,12.453839999999998,5,3,9,0.00426912568306011,9,6
01467200_l2,01467200,l2,6.5,5.273668045627828,3.1134599999999995,0.7413,6h,5.0,15.567299999999998,5,1,5,0.0023717364905889494,5,3
01467200_l2,01467200,l2,6.5,5.273668045627828,3.1134599999999995,0.7413,6h,6.0,18.680759999999996,5,1,3,0.0014230418943533697,3,2
01467200_l2,01467200,l2,6.5,5.273668045627828,3.1134599999999995,0.7413,6h,8.0,24.907679999999996,5,0,2,0.0009486945962355798,2,2
01467200_l2,01467200,l2,6.5,5.273668045627828,3.1134599999999995,0.7413,6h,10.0,31.134599999999995,5,0,1,0.0004743472981177899,1,1
01467200_l2,01467200,l2,6.5,5.273668045627828,3.1134599999999995,0.7413,6h,12.0,37.36151999999999,5,0,0,0.0,0,0
01467200_l2,01467200,l2,6.5,5.273668045627828,3.1134599999999995,0.7413,6h,15.0,46.701899999999995,5,0,0,0.0,0,0
01467200_l2,01467200,l2,6.5,5.273668045627828,3.1134599999999995,0.7413,6h,20.0,62.26919999999999,5,0,0,0.0,0,0
01467200_l2,01467200,l2,6.5,5.273668045627828,3.1134599999999995,0.7413,12h,0.5,1.5567299999999997,5,5,1672,0.7931086824529447,211,208
01467200_l2,01467200,l2,6.5,5.273668045627828,3.1134599999999995,0.7413,12h,1.0,3.1134599999999995,5,5,485,0.2300584395871281,50,47
01467200_l2,01467200,l2,6.5,5.273668045627828,3.1134599999999995,0.7413,12h,2.0,6.226919999999999,5,5,110,0.052178202792956895,16,13
01467200_l2,01467200,l2,6.5,5.273668045627828,3.1134599999999995,0.7413,12h,3.0,9.340379999999998,5,5,9,0.00426912568306011,9,6
01467200_l2,01467200,l2,6.5,5.273668045627828,3.1134599999999995,0.7413,12h,4.0,12.453839999999998,5,1,7,0.0033204310868245293,7,5
01467200_l2,01467200,l2,6.5,5.273668045627828,3.1134599999999995,0.7413,12h,5.0,15.567299999999998,5,1,4,0.0018973891924711596,4,3
01467200_l2,01467200,l2,6.5,5.273668045627828,3.1134599999999995,0.7413,12h,6.0,18.680759999999996,5,0,2,0.0009486945962355798,2,2
01467200_l2,01467200,l2,6.5,5.273668045627828,3.1134599999999995,0.7413,12h,8.0,24.907679999999996,5,0,2,0.0009486945962355798,2,2
01467200_l2,01467200,l2,6.5,5.273668045627828,3.1134599999999995,0.7413,12h,10.0,31.134599999999995,5,0,0,0.0,0,0
01467200_l2,01467200,l2,6.5,5.273668045627828,3.1134599999999995,0.7413,12h,12.0,37.36151999999999,5,0,0,0.0,0,0
01467200_l2,01467200,l2,6.5,5.273668045627828,3.1134599999999995,0.7413,12h,15.0,46.701899999999995,5,0,0,0.0,0,0
01467200_l2,01467200,l2,6.5,5.273668045627828,3.1134599999999995,0.7413,12h,20.0,62.26919999999999,5,0,0,0.0,0,0
01467200_l3,01467200,l3,6.5,5.256008092413478,3.1134599999999995,0.7413,1h,0.5,1.5567299999999997,7,7,5370,2.547244990892532,3034,3022
01467200_l3,01467200,l3,6.5,5.256008092413478,3.1134599999999995,0.7413,1h,1.0,3.1134599999999995,7,6,1860,0.8822859744990893,1467,1458
01467200_l3,01467200,l3,6.5,5.256008092413478,3.1134599999999995,0.7413,1h,2.0,6.226919999999999,7,6,377,0.1788289313904068,355,346
01467200_l3,01467200,l3,6.5,5.256008092413478,3.1134599999999995,0.7413,1h,3.0,9.340379999999998,7,3,142,0.06735731633272617,133,130
01467200_l3,01467200,l3,6.5,5.256008092413478,3.1134599999999995,0.7413,1h,4.0,12.453839999999998,7,1,53,0.025140406800242866,47,46
01467200_l3,01467200,l3,6.5,5.256008092413478,3.1134599999999995,0.7413,1h,5.0,15.567299999999998,7,0,14,0.006640862173649059,14,14
01467200_l3,01467200,l3,6.5,5.256008092413478,3.1134599999999995,0.7413,1h,6.0,18.680759999999996,7,0,3,0.0014230418943533697,3,3
01467200_l3,01467200,l3,6.5,5.256008092413478,3.1134599999999995,0.7413,1h,8.0,24.907679999999996,7,0,0,0.0,0,0
01467200_l3,01467200,l3,6.5,5.256008092413478,3.1134599999999995,0.7413,1h,10.0,31.134599999999995,7,0,0,0.0,0,0
01467200_l3,01467200,l3,6.5,5.256008092413478,3.1134599999999995,0.7413,1h,12.0,37.36151999999999,7,0,0,0.0,0,0
01467200_l3,01467200,l3,6.5,5.256008092413478,3.1134599999999995,0.7413,1h,15.0,46.701899999999995,7,0,0,0.0,0,0
01467200_l3,01467200,l3,6.5,5.256008092413478,3.1134599999999995,0.7413,1h,20.0,62.26919999999999,7,0,0,0.0,0,0
01467200_l3,01467200,l3,6.5,5.256008092413478,3.1134599999999995,0.7413,3h,0.5,1.5567299999999997,7,7,8795,4.171884486945962,1420,1413
01467200_l3,01467200,l3,6.5,5.256008092413478,3.1134599999999995,0.7413,3h,1.0,3.1134599999999995,7,7,2874,1.3632741347905282,905,898
01467200_l3,01467200,l3,6.5,5.256008092413478,3.1134599999999995,0.7413,3h,2.0,6.226919999999999,7,7,725,0.3439017911353977,261,255
01467200_l3,01467200,l3,6.5,5.256008092413478,3.1134599999999995,0.7413,3h,3.0,9.340379999999998,7,2,210,0.09961293260473589,88,86
01467200_l3,01467200,l3,6.5,5.256008092413478,3.1134599999999995,0.7413,3h,4.0,12.453839999999998,7,1,54,0.025614754098360656,26,25
01467200_l3,01467200,l3,6.5,5.256008092413478,3.1134599999999995,0.7413,3h,5.0,15.567299999999998,7,0,6,0.0028460837887067394,6,6
01467200_l3,01467200,l3,6.5,5.256008092413478,3.1134599999999995,0.7413,3h,6.0,18.680759999999996,7,0,3,0.0014230418943533697,3,3
01467200_l3,01467200,l3,6.5,5.256008092413478,3.1134599999999995,0.7413,3h,8.0,24.907679999999996,7,0,1,0.0004743472981177899,1,1
01467200_l3,01467200,l3,6.5,5.256008092413478,3.1134599999999995,0.7413,3h,10.0,31.134599999999995,7,0,0,0.0,0,0
01467200_l3,01467200,l3,6.5,5.256008092413478,3.1134599999999995,0.7413,3h,12.0,37.36151999999999,7,0,0,0.0,0,0
01467200_l3,01467200,l3,6.5,5.256008092413478,3.1134599999999995,0.7413,3h,15.0,46.701899999999995,7,0,0,0.0,0,0
01467200_l3,01467200,l3,6.5,5.256008092413478,3.1134599999999995,0.7413,3h,20.0,62.26919999999999,7,0,0,0.0,0,0
01467200_l3,01467200,l3,6.5,5.256008092413478,3.1134599999999995,0.7413,6h,0.5,1.5567299999999997,7,6,4236,2.009335154826958,634,630
01467200_l3,01467200,l3,6.5,5.256008092413478,3.1134599999999995,0.7413,6h,1.0,3.1134599999999995,7,6,1088,0.5160898603521554,265,261
01467200_l3,01467200,l3,6.5,5.256008092413478,3.1134599999999995,0.7413,6h,2.0,6.226919999999999,7,6,134,0.06356253794778385,51,46
01467200_l3,01467200,l3,6.5,5.256008092413478,3.1134599999999995,0.7413,6h,3.0,9.340379999999998,7,3,48,0.022768670309653915,13,10
01467200_l3,01467200,l3,6.5,5.256008092413478,3.1134599999999995,0.7413,6h,4.0,12.453839999999998,7,2,42,0.019922586520947177,7,5
01467200_l3,01467200,l3,6.5,5.256008092413478,3.1134599999999995,0.7413,6h,5.0,15.567299999999998,7,0,20,0.009486945962355798,2,2
01467200_l3,01467200,l3,6.5,5.256008092413478,3.1134599999999995,0.7413,6h,6.0,18.680759999999996,7,0,2,0.0009486945962355798,2,2
01467200_l3,01467200,l3,6.5,5.256008092413478,3.1134599999999995,0.7413,6h,8.0,24.907679999999996,7,0,2,0.0009486945962355798,2,2
01467200_l3,01467200,l3,6.5,5.256008092413478,3.1134599999999995,0.7413,6h,10.0,31.134599999999995,7,0,1,0.0004743472981177899,1,1
01467200_l3,01467200,l3,6.5,5.256008092413478,3.1134599999999995,0.7413,6h,12.0,37.36151999999999,7,0,0,0.0,0,0
01467200_l3,01467200,l3,6.5,5.256008092413478,3.1134599999999995,0.7413,6h,15.0,46.701899999999995,7,0,0,0.0,0,0
01467200_l3,01467200,l3,6.5,5.256008092413478,3.1134599999999995,0.7413,6h,20.0,62.26919999999999,7,0,0,0.0,0,0
01467200_l3,01467200,l3,6.5,5.256008092413478,3.1134599999999995,0.7413,12h,0.5,1.5567299999999997,7,6,1618,0.7674939283545841,216,212
01467200_l3,01467200,l3,6.5,5.256008092413478,3.1134599999999995,0.7413,12h,1.0,3.1134599999999995,7,6,552,0.26183970856102,53,49
01467200_l3,01467200,l3,6.5,5.256008092413478,3.1134599999999995,0.7413,12h,2.0,6.226919999999999,7,4,135,0.06403688524590163,15,12
01467200_l3,01467200,l3,6.5,5.256008092413478,3.1134599999999995,0.7413,12h,3.0,9.340379999999998,7,2,7,0.0033204310868245293,7,5
01467200_l3,01467200,l3,6.5,5.256008092413478,3.1134599999999995,0.7413,12h,4.0,12.453839999999998,7,1,5,0.0023717364905889494,5,4
01467200_l3,01467200,l3,6.5,5.256008092413478,3.1134599999999995,0.7413,12h,5.0,15.567299999999998,7,0,2,0.0009486945962355798,2,2
01467200_l3,01467200,l3,6.5,5.256008092413478,3.1134599999999995,0.7413,12h,6.0,18.680759999999996,7,0,2,0.0009486945962355798,2,2
01467200_l3,01467200,l3,6.5,5.256008092413478,3.1134599999999995,0.7413,12h,8.0,24.907679999999996,7,0,2,0.0009486945962355798,2,2
01467200_l3,01467200,l3,6.5,5.256008092413478,3.1134599999999995,0.7413,12h,10.0,31.134599999999995,7,0,0,0.0,0,0
01467200_l3,01467200,l3,6.5,5.256008092413478,3.1134599999999995,0.7413,12h,12.0,37.36151999999999,7,0,0,0.0,0,0
01467200_l3,01467200,l3,6.5,5.256008092413478,3.1134599999999995,0.7413,12h,15.0,46.701899999999995,7,0,0,0.0,0,0
01467200_l3,01467200,l3,6.5,5.256008092413478,3.1134599999999995,0.7413,12h,20.0,62.26919999999999,7,0,0,0.0,0,0
02054550_l1,02054550,l1,1.9,28.144348769096077,1.3343399999999999,0.14825999999999978,1h,0.5,0.6671699999999999,1,1,4881,2.315289162112933,804,803
02054550_l1,02054550,l1,1.9,28.144348769096077,1.3343399999999999,0.14825999999999978,1h,1.0,1.3343399999999999,1,0,3304,1.567243472981178,493,493
02054550_l1,02054550,l1,1.9,28.144348769096077,1.3343399999999999,0.14825999999999978,1h,2.0,2.6686799999999997,1,0,2173,1.0307566788099576,317,317
02054550_l1,02054550,l1,1.9,28.144348769096077,1.3343399999999999,0.14825999999999978,1h,3.0,4.003019999999999,1,0,1600,0.7589556769884639,257,257
02054550_l1,02054550,l1,1.9,28.144348769096077,1.3343399999999999,0.14825999999999978,1h,4.0,5.337359999999999,1,0,1288,0.6109593199757134,202,202
02054550_l1,02054550,l1,1.9,28.144348769096077,1.3343399999999999,0.14825999999999978,1h,5.0,6.6716999999999995,1,0,1072,0.5085003035822708,164,164
02054550_l1,02054550,l1,1.9,28.144348769096077,1.3343399999999999,0.14825999999999978,1h,6.0,8.006039999999999,1,0,883,0.4188486642380085,145,145
02054550_l1,02054550,l1,1.9,28.144348769096077,1.3343399999999999,0.14825999999999978,1h,8.0,10.674719999999999,1,0,681,0.3230305100182149,111,111
02054550_l1,02054550,l1,1.9,28.144348769096077,1.3343399999999999,0.14825999999999978,1h,10.0,13.343399999999999,1,0,550,0.2608910139647845,94,94
02054550_l1,02054550,l1,1.9,28.144348769096077,1.3343399999999999,0.14825999999999978,1h,12.0,16.012079999999997,1,0,457,0.21677671523983,87,87
02054550_l1,02054550,l1,1.9,28.144348769096077,1.3343399999999999,0.14825999999999978,1h,15.0,20.015099999999997,1,0,354,0.16791894353369763,76,76
02054550_l1,02054550,l1,1.9,28.144348769096077,1.3343399999999999,0.14825999999999978,1h,20.0,26.686799999999998,1,0,264,0.12522768670309653,64,64
02054550_l1,02054550,l1,1.9,28.144348769096077,1.3343399999999999,0.14825999999999978,3h,0.5,0.6671699999999999,1,1,8143,3.8626100485731634,573,572
02054550_l1,02054550,l1,1.9,28.144348769096077,1.3343399999999999,0.14825999999999978,3h,1.0,1.3343399999999999,1,0,5731,2.718484365513054,336,336
02054550_l1,02054550,l1,1.9,28.144348769096077,1.3343399999999999,0.14825999999999978,3h,2.0,2.6686799999999997,1,0,4054,1.9230039465695203,210,210
02054550_l1,02054550,l1,1.9,28.144348769096077,1.3343399999999999,0.14825999999999978,3h,3.0,4.003019999999999,1,0,3066,1.4543488160291438,155,155
02054550_l1,02054550,l1,1.9,28.144348769096077,1.3343399999999999,0.14825999999999978,3h,4.0,5.337359999999999,1,0,2578,1.2228673345476624,128,128
02054550_l1,02054550,l1,1.9,28.144348769096077,1.3343399999999999,0.14825999999999978,3h,5.0,6.6716999999999995,1,0,2131,1.0108340922890102,106,106
02054550_l1,02054550,l1,1.9,28.144348769096077,1.3343399999999999,0.14825999999999978,3h,6.0,8.006039999999999,1,0,1848,0.8765938069216758,91,91
02054550_l1,02054550,l1,1.9,28.144348769096077,1.3343399999999999,0.14825999999999978,3h,8.0,10.674719999999999,1,0,1389,0.6588683970856102,76,76
02054550_l1,02054550,l1,1.9,28.144348769096077,1.3343399999999999,0.14825999999999978,3h,10.0,13.343399999999999,1,0,1107,0.5251024590163934,65,65
02054550_l1,02054550,l1,1.9,28.144348769096077,1.3343399999999999,0.14825999999999978,3h,12.0,16.012079999999997,1,0,854,0.4050925925925926,60,60
02054550_l1,02054550,l1,1.9,28.144348769096077,1.3343399999999999,0.14825999999999978,3h,15.0,20.015099999999997,1,0,701,0.33251745598057075,55,55
02054550_l1,02054550,l1,1.9,28.144348769096077,1.3343399999999999,0.14825999999999978,3h,20.0,26.686799999999998,1,0,477,0.2262636612021858,50,50
02054550_l1,02054550,l1,1.9,28.144348769096077,1.3343399999999999,0.14825999999999978,6h,0.5,0.6671699999999999,1,1,9186,4.357354280510018,428,427
02054550_l1,02054550,l1,1.9,28.144348769096077,1.3343399999999999,0.14825999999999978,6h,1.0,1.3343399999999999,1,0,6642,3.1506147540983607,265,265
02054550_l1,02054550,l1,1.9,28.144348769096077,1.3343399999999999,0.14825999999999978,6h,2.0,2.6686799999999997,1,0,4663,2.2118814511232543,154,154
02054550_l1,02054550,l1,1.9,28.144348769096077,1.3343399999999999,0.14825999999999978,6h,3.0,4.003019999999999,1,0,3754,1.7806997571341834,111,111
02054550_l1,02054550,l1,1.9,28.144348769096077,1.3343399999999999,0.14825999999999978,6h,4.0,5.337359999999999,1,0,3296,1.5634486945962356,88,88
02054550_l1,02054550,l1,1.9,28.144348769096077,1.3343399999999999,0.14825999999999978,6h,5.0,6.6716999999999995,1,0,2825,1.3400311171827566,75,75
02054550_l1,02054550,l1,1.9,28.144348769096077,1.3343399999999999,0.14825999999999978,6h,6.0,8.006039999999999,1,0,2459,1.1664200060716454,64,64
02054550_l1,02054550,l1,1.9,28.144348769096077,1.3343399999999999,0.14825999999999978,6h,8.0,10.674719999999999,1,0,1837,0.8713759866423801,55,55
02054550_l1,02054550,l1,1.9,28.144348769096077,1.3343399999999999,0.14825999999999978,6h,10.0,13.343399999999999,1,0,1530,0.7257513661202186,54,54
02054550_l1,02054550,l1,1.9,28.144348769096077,1.3343399999999999,0.14825999999999978,6h,12.0,16.012079999999997,1,0,1257,0.5962545537340619,49,49
02054550_l1,02054550,l1,1.9,28.144348769096077,1.3343399999999999,0.14825999999999978,6h,15.0,20.015099999999997,1,0,880,0.41742562234365516,46,46
02054550_l1,02054550,l1,1.9,28.144348769096077,1.3343399999999999,0.14825999999999978,6h,20.0,26.686799999999998,1,0,612,0.29030054644808745,42,42
02054550_l1,02054550,l1,1.9,28.144348769096077,1.3343399999999999,0.14825999999999978,12h,0.5,0.6671699999999999,1,1,12288,5.828779599271402,237,236
02054550_l1,02054550,l1,1.9,28.144348769096077,1.3343399999999999,0.14825999999999978,12h,1.0,1.3343399999999999,1,0,8243,3.9100447783849424,153,153
02054550_l1,02054550,l1,1.9,28.144348769096077,1.3343399999999999,0.14825999999999978,12h,2.0,2.6686799999999997,1,0,5181,2.4575933515482697,99,99
02054550_l1,02054550,l1,1.9,28.144348769096077,1.3343399999999999,0.14825999999999978,12h,3.0,4.003019999999999,1,0,3859,1.8305062234365512,81,81
02054550_l1,02054550,l1,1.9,28.144348769096077,1.3343399999999999,0.14825999999999978,12h,4.0,5.337359999999999,1,0,3027,1.4358492714025501,64,64
02054550_l1,02054550,l1,1.9,28.144348769096077,1.3343399999999999,0.14825999999999978,12h,5.0,6.6716999999999995,1,0,2544,1.2067395264116576,51,51
02054550_l1,02054550,l1,1.9,28.144348769096077,1.3343399999999999,0.14825999999999978,12h,6.0,8.006039999999999,1,0,2200,1.043564055859138,45,45
02054550_l1,02054550,l1,1.9,28.144348769096077,1.3343399999999999,0.14825999999999978,12h,8.0,10.674719999999999,1,0,1672,0.7931086824529447,39,39
02054550_l1,02054550,l1,1.9,28.144348769096077,1.3343399999999999,0.14825999999999978,12h,10.0,13.343399999999999,1,0,1328,0.6299332119004251,35,35
02054550_l1,02054550,l1,1.9,28.144348769096077,1.3343399999999999,0.14825999999999978,12h,12.0,16.012079999999997,1,0,1114,0.528422890103218,33,33
02054550_l1,02054550,l1,1.9,28.144348769096077,1.3343399999999999,0.14825999999999978,12h,15.0,20.015099999999997,1,0,921,0.4368738615664845,32,32
02054550_l1,02054550,l1,1.9,28.144348769096077,1.3343399999999999,0.14825999999999978,12h,20.0,26.686799999999998,1,0,576,0.273224043715847,31,31
02054550_l2,02054550,l2,1.9,28.155875189932882,1.3343399999999999,0.14825999999999978,1h,0.5,0.6671699999999999,2,1,4930,2.3385321797207044,826,824
02054550_l2,02054550,l2,1.9,28.155875189932882,1.3343399999999999,0.14825999999999978,1h,1.0,1.3343399999999999,2,0,3328,1.5786278081360048,498,498
02054550_l2,02054550,l2,1.9,28.155875189932882,1.3343399999999999,0.14825999999999978,1h,2.0,2.6686799999999997,2,0,2199,1.04308970856102,321,321
02054550_l2,02054550,l2,1.9,28.155875189932882,1.3343399999999999,0.14825999999999978,1h,3.0,4.003019999999999,2,0,1606,0.7618017607771707,255,255
02054550_l2,02054550,l2,1.9,28.155875189932882,1.3343399999999999,0.14825999999999978,1h,4.0,5.337359999999999,2,0,1291,0.6123823618700668,203,203
02054550_l2,02054550,l2,1.9,28.155875189932882,1.3343399999999999,0.14825999999999978,1h,5.0,6.6716999999999995,2,0,1073,0.5089746508803886,164,164
02054550_l2,02054550,l2,1.9,28.155875189932882,1.3343399999999999,0.14825999999999978,1h,6.0,8.006039999999999,2,0,885,0.41979735883424407,146,146
02054550_l2,02054550,l2,1.9,28.155875189932882,1.3343399999999999,0.14825999999999978,1h,8.0,10.674719999999999,2,0,683,0.3239792046144505,113,113
02054550_l2,02054550,l2,1.9,28.155875189932882,1.3343399999999999,0.14825999999999978,1h,10.0,13.343399999999999,2,0,552,0.26183970856102,96,96
02054550_l2,02054550,l2,1.9,28.155875189932882,1.3343399999999999,0.14825999999999978,1h,12.0,16.012079999999997,2,0,457,0.21677671523983,87,87
02054550_l2,02054550,l2,1.9,28.155875189932882,1.3343399999999999,0.14825999999999978,1h,15.0,20.015099999999997,2,0,354,0.16791894353369763,76,76
02054550_l2,02054550,l2,1.9,28.155875189932882,1.3343399999999999,0.14825999999999978,1h,20.0,26.686799999999998,2,0,264,0.12522768670309653,64,64
02054550_l2,02054550,l2,1.9,28.155875189932882,1.3343399999999999,0.14825999999999978,3h,0.5,0.6671699999999999,2,1,8222,3.9000834851244686,582,581
02054550_l2,02054550,l2,1.9,28.155875189932882,1.3343399999999999,0.14825999999999978,3h,1.0,1.3343399999999999,2,1,5800,2.7512143290831816,337,336
02054550_l2,02054550,l2,1.9,28.155875189932882,1.3343399999999999,0.14825999999999978,3h,2.0,2.6686799999999997,2,0,4073,1.9320165452337583,214,214
02054550_l2,02054550,l2,1.9,28.155875189932882,1.3343399999999999,0.14825999999999978,3h,3.0,4.003019999999999,2,0,3075,1.458617941712204,158,158
02054550_l2,02054550,l2,1.9,28.155875189932882,1.3343399999999999,0.14825999999999978,3h,4.0,5.337359999999999,2,0,2576,1.2219186399514268,131,131
02054550_l2,02054550,l2,1.9,28.155875189932882,1.3343399999999999,0.14825999999999978,3h,5.0,6.6716999999999995,2,0,2135,1.0127314814814814,106,106
02054550_l2,02054550,l2,1.9,28.155875189932882,1.3343399999999999,0.14825999999999978,3h,6.0,8.006039999999999,2,0,1845,0.8751707650273224,89,89
02054550_l2,02054550,l2,1.9,28.155875189932882,1.3343399999999999,0.14825999999999978,3h,8.0,10.674719999999999,2,0,1388,0.6583940497874924,75,75
02054550_l2,02054550,l2,1.9,28.155875189932882,1.3343399999999999,0.14825999999999978,3h,10.0,13.343399999999999,2,0,1108,0.5255768063145112,66,66
02054550_l2,02054550,l2,1.9,28.155875189932882,1.3343399999999999,0.14825999999999978,3h,12.0,16.012079999999997,2,0,854,0.4050925925925926,60,60
02054550_l2,02054550,l2,1.9,28.155875189932882,1.3343399999999999,0.14825999999999978,3h,15.0,20.015099999999997,2,0,701,0.33251745598057075,55,55
02054550_l2,02054550,l2,1.9,28.155875189932882,1.3343399999999999,0.14825999999999978,3h,20.0,26.686799999999998,2,0,477,0.2262636612021858,50,50
02054550_l2,02054550,l2,1.9,28.155875189932882,1.3343399999999999,0.14825999999999978,6h,0.5,0.6671699999999999,2,1,9111,4.321778233151184,426,425
02054550_l2,02054550,l2,1.9,28.155875189932882,1.3343399999999999,0.14825999999999978,6h,1.0,1.3343399999999999,2,1,6674,3.16579386763813,263,262
02054550_l2,02054550,l2,1.9,28.155875189932882,1.3343399999999999,0.14825999999999978,6h,2.0,2.6686799999999997,2,0,4703,2.230855343047966,154,154
02054550_l2,02054550,l2,1.9,28.155875189932882,1.3343399999999999,0.14825999999999978,6h,3.0,4.003019999999999,2,0,3788,1.7968275652701882,113,113
02054550_l2,02054550,l2,1.9,28.155875189932882,1.3343399999999999,0.14825999999999978,6h,4.0,5.337359999999999,2,0,3298,1.5643973891924712,89,89
02054550_l2,02054550,l2,1.9,28.155875189932882,1.3343399999999999,0.14825999999999978,6h,5.0,6.6716999999999995,2,0,2827,1.3409798117789922,76,76
02054550_l2,02054550,l2,1.9,28.155875189932882,1.3343399999999999,0.14825999999999978,6h,6.0,8.006039999999999,2,0,2462,1.1678430479659987,65,65
02054550_l2,02054550,l2,1.9,28.155875189932882,1.3343399999999999,0.14825999999999978,6h,8.0,10.674719999999999,2,0,1841,0.8732733758348512,56,56
02054550_l2,02054550,l2,1.9,28.155875189932882,1.3343399999999999,0.14825999999999978,6h,10.0,13.343399999999999,2,0,1531,0.7262257134183364,55,55
02054550_l2,02054550,l2,1.9,28.155875189932882,1.3343399999999999,0.14825999999999978,6h,12.0,16.012079999999997,2,0,1254,0.5948315118397086,51,51
02054550_l2,02054550,l2,1.9,28.155875189932882,1.3343399999999999,0.14825999999999978,6h,15.0,20.015099999999997,2,0,880,0.41742562234365516,47,47
02054550_l2,02054550,l2,1.9,28.155875189932882,1.3343399999999999,0.14825999999999978,6h,20.0,26.686799999999998,2,0,613,0.29077489374620524,42,42
02054550_l2,02054550,l2,1.9,28.155875189932882,1.3343399999999999,0.14825999999999978,12h,0.5,0.6671699999999999,2,1,12000,5.692167577413479,234,232
02054550_l2,02054550,l2,1.9,28.155875189932882,1.3343399999999999,0.14825999999999978,12h,1.0,1.3343399999999999,2,1,8190,3.8849043715846996,154,153
02054550_l2,02054550,l2,1.9,28.155875189932882,1.3343399999999999,0.14825999999999978,12h,2.0,2.6686799999999997,2,1,5198,2.465657255616272,99,98
02054550_l2,02054550,l2,1.9,28.155875189932882,1.3343399999999999,0.14825999999999978,12h,3.0,4.003019999999999,2,0,3837,1.82007058287796,81,81
02054550_l2,02054550,l2,1.9,28.155875189932882,1.3343399999999999,0.14825999999999978,12h,4.0,5.337359999999999,2,0,2971,1.4092858227079539,63,63
02054550_l2,02054550,l2,1.9,28.155875189932882,1.3343399999999999,0.14825999999999978,12h,5.0,6.6716999999999995,2,0,2550,1.2095856102003644,51,51
02054550_l2,02054550,l2,1.9,28.155875189932882,1.3343399999999999,0.14825999999999978,12h,6.0,8.006039999999999,2,0,2206,1.0464101396478445,45,45
02054550_l2,02054550,l2,1.9,28.155875189932882,1.3343399999999999,0.14825999999999978,12h,8.0,10.674719999999999,2,0,1679,0.7964291135397693,39,39
02054550_l2,02054550,l2,1.9,28.155875189932882,1.3343399999999999,0.14825999999999978,12h,10.0,13.343399999999999,2,0,1336,0.6337279902853673,35,35
02054550_l2,02054550,l2,1.9,28.155875189932882,1.3343399999999999,0.14825999999999978,12h,12.0,16.012079999999997,2,0,1118,0.5303202792956891,33,33
02054550_l2,02054550,l2,1.9,28.155875189932882,1.3343399999999999,0.14825999999999978,12h,15.0,20.015099999999997,2,0,924,0.4382969034608379,32,32
02054550_l2,02054550,l2,1.9,28.155875189932882,1.3343399999999999,0.14825999999999978,12h,20.0,26.686799999999998,2,0,573,0.27180100182149364,31,31
02054550_l3,02054550,l3,1.9,28.19522243829431,1.3343399999999999,0.14825999999999978,1h,0.5,0.6671699999999999,5,3,4966,2.355608682452945,849,847
02054550_l3,02054550,l3,1.9,28.19522243829431,1.3343399999999999,0.14825999999999978,1h,1.0,1.3343399999999999,5,3,3378,1.6023451730418943,527,525
02054550_l3,02054550,l3,1.9,28.19522243829431,1.3343399999999999,0.14825999999999978,1h,2.0,2.6686799999999997,5,0,2247,1.065858378870674,339,339
02054550_l3,02054550,l3,1.9,28.19522243829431,1.3343399999999999,0.14825999999999978,1h,3.0,4.003019999999999,5,0,1656,0.7855191256830601,272,272
02054550_l3,02054550,l3,1.9,28.19522243829431,1.3343399999999999,0.14825999999999978,1h,4.0,5.337359999999999,5,0,1336,0.6337279902853673,218,218
02054550_l3,02054550,l3,1.9,28.19522243829431,1.3343399999999999,0.14825999999999978,1h,5.0,6.6716999999999995,5,0,1101,0.5222563752276868,178,178
02054550_l3,02054550,l3,1.9,28.19522243829431,1.3343399999999999,0.14825999999999978,1h,6.0,8.006039999999999,5,0,903,0.4283356102003643,154,154
02054550_l3,02054550,l3,1.9,28.19522243829431,1.3343399999999999,0.14825999999999978,1h,8.0,10.674719999999999,5,0,685,0.3249278992106861,114,114
02054550_l3,02054550,l3,1.9,28.19522243829431,1.3343399999999999,0.14825999999999978,1h,10.0,13.343399999999999,5,0,552,0.26183970856102,99,99
02054550_l3,02054550,l3,1.9,28.19522243829431,1.3343399999999999,0.14825999999999978,1h,12.0,16.012079999999997,5,0,458,0.2172510625379478,89,89
02054550_l3,02054550,l3,1.9,28.19522243829431,1.3343399999999999,0.14825999999999978,1h,15.0,20.015099999999997,5,0,359,0.17029068002428657,79,79
02054550_l3,02054550,l3,1.9,28.19522243829431,1.3343399999999999,0.14825999999999978,1h,20.0,26.686799999999998,5,0,265,0.12570203400121432,65,65
02054550_l3,02054550,l3,1.9,28.19522243829431,1.3343399999999999,0.14825999999999978,3h,0.5,0.6671699999999999,5,3,8049,3.818021402550091,597,594
02054550_l3,02054550,l3,1.9,28.19522243829431,1.3343399999999999,0.14825999999999978,3h,1.0,1.3343399999999999,5,3,5679,2.693818306010929,349,347
02054550_l3,02054550,l3,1.9,28.19522243829431,1.3343399999999999,0.14825999999999978,3h,2.0,2.6686799999999997,5,0,3963,1.8798383424408014,222,222
02054550_l3,02054550,l3,1.9,28.19522243829431,1.3343399999999999,0.14825999999999978,3h,3.0,4.003019999999999,5,0,3033,1.438695355191257,167,167
02054550_l3,02054550,l3,1.9,28.19522243829431,1.3343399999999999,0.14825999999999978,3h,4.0,5.337359999999999,5,0,2564,1.2162264723740133,136,136
02054550_l3,02054550,l3,1.9,28.19522243829431,1.3343399999999999,0.14825999999999978,3h,5.0,6.6716999999999995,5,0,2139,1.0146288706739526,111,111
02054550_l3,02054550,l3,1.9,28.19522243829431,1.3343399999999999,0.14825999999999978,3h,6.0,8.006039999999999,5,0,1849,0.8770681542197936,93,93
02054550_l3,02054550,l3,1.9,28.19522243829431,1.3343399999999999,0.14825999999999978,3h,8.0,10.674719999999999,5,0,1387,0.6579197024893746,77,77
02054550_l3,02054550,l3,1.9,28.19522243829431,1.3343399999999999,0.14825999999999978,3h,10.0,13.343399999999999,5,0,1108,0.5255768063145112,69,69
02054550_l3,02054550,l3,1.9,28.19522243829431,1.3343399999999999,0.14825999999999978,3h,12.0,16.012079999999997,5,0,855,0.4055669398907104,63,63
02054550_l3,02054550,l3,1.9,28.19522243829431,1.3343399999999999,0.14825999999999978,3h,15.0,20.015099999999997,5,0,700,0.33204310868245296,56,56
02054550_l3,02054550,l3,1.9,28.19522243829431,1.3343399999999999,0.14825999999999978,3h,20.0,26.686799999999998,5,0,491,0.23290452337583484,51,51
02054550_l3,02054550,l3,1.9,28.19522243829431,1.3343399999999999,0.14825999999999978,6h,0.5,0.6671699999999999,5,3,8944,4.242562234365513,432,430
02054550_l3,02054550,l3,1.9,28.19522243829431,1.3343399999999999,0.14825999999999978,6h,1.0,1.3343399999999999,5,3,6335,3.0049901335761993,273,271
02054550_l3,02054550,l3,1.9,28.19522243829431,1.3343399999999999,0.14825999999999978,6h,2.0,2.6686799999999997,5,0,4432,2.102307225258045,159,159
02054550_l3,02054550,l3,1.9,28.19522243829431,1.3343399999999999,0.14825999999999978,6h,3.0,4.003019999999999,5,0,3602,1.7085989678202793,116,116
02054550_l3,02054550,l3,1.9,28.19522243829431,1.3343399999999999,0.14825999999999978,6h,4.0,5.337359999999999,5,0,3144,1.4913479052823315,92,92
02054550_l3,02054550,l3,1.9,28.19522243829431,1.3343399999999999,0.14825999999999978,6h,5.0,6.6716999999999995,5,0,2699,1.280263357619915,78,78
02054550_l3,02054550,l3,1.9,28.19522243829431,1.3343399999999999,0.14825999999999978,6h,6.0,8.006039999999999,5,0,2333,1.1066522465088038,67,67
02054550_l3,02054550,l3,1.9,28.19522243829431,1.3343399999999999,0.14825999999999978,6h,8.0,10.674719999999999,5,0,1783,0.8457612325440195,58,58
02054550_l3,02054550,l3,1.9,28.19522243829431,1.3343399999999999,0.14825999999999978,6h,10.0,13.343399999999999,5,0,1494,0.7086748633879781,56,56
02054550_l3,02054550,l3,1.9,28.19522243829431,1.3343399999999999,0.14825999999999978,6h,12.0,16.012079999999997,5,0,1204,0.571114146933819,51,51
02054550_l3,02054550,l3,1.9,28.19522243829431,1.3343399999999999,0.14825999999999978,6h,15.0,20.015099999999997,5,0,880,0.41742562234365516,48,48
02054550_l3,02054550,l3,1.9,28.19522243829431,1.3343399999999999,0.14825999999999978,6h,20.0,26.686799999999998,5,0,612,0.29030054644808745,42,42
02054550_l3,02054550,l3,1.9,28.19522243829431,1.3343399999999999,0.14825999999999978,12h,0.5,0.6671699999999999,5,3,11989,5.686949757134183,237,235
02054550_l3,02054550,l3,1.9,28.19522243829431,1.3343399999999999,0.14825999999999978,12h,1.0,1.3343399999999999,5,3,8088,3.836520947176685,155,153
02054550_l3,02054550,l3,1.9,28.19522243829431,1.3343399999999999,0.14825999999999978,12h,2.0,2.6686799999999997,5,0,4985,2.364621281117183,98,98
02054550_l3,02054550,l3,1.9,28.19522243829431,1.3343399999999999,0.14825999999999978,12h,3.0,4.003019999999999,5,0,3693,1.7517645719489983,79,79
02054550_l3,02054550,l3,1.9,28.19522243829431,1.3343399999999999,0.14825999999999978,12h,4.0,5.337359999999999,5,0,2915,1.3827223740133576,62,62
02054550_l3,02054550,l3,1.9,28.19522243829431,1.3343399999999999,0.14825999999999978,12h,5.0,6.6716999999999995,5,0,2434,1.1545613236187007,51,51
02054550_l3,02054550,l3,1.9,28.19522243829431,1.3343399999999999,0.14825999999999978,12h,6.0,8.006039999999999,5,0,2119,1.005141924711597,44,44
02054550_l3,02054550,l3,1.9,28.19522243829431,1.3343399999999999,0.14825999999999978,12h,8.0,10.674719999999999,5,0,1625,0.7708143594414086,39,39
02054550_l3,02054550,l3,1.9,28.19522243829431,1.3343399999999999,0.14825999999999978,12h,10.0,13.343399999999999,5,0,1281,0.6076388888888888,35,35
02054550_l3,02054550,l3,1.9,28.19522243829431,1.3343399999999999,0.14825999999999978,12h,12.0,16.012079999999997,5,0,1073,0.5089746508803886,33,33
02054550_l3,02054550,l3,1.9,28.19522243829431,1.3343399999999999,0.14825999999999978,12h,15.0,20.015099999999997,5,0,891,0.42264344262295084,32,32
02054550_l3,02054550,l3,1.9,28.19522243829431,1.3343399999999999,0.14825999999999978,12h,20.0,26.686799999999998,5,0,567,0.26895491803278687,32,32
040851385_l1,040851385,l1,11.3,11.796783373286628,7.264739999999997,0.5930400000000005,1h,0.5,3.6323699999999985,1,0,1407,0.6674066484517304,914,914
040851385_l1,040851385,l1,11.3,11.796783373286628,7.264739999999997,0.5930400000000005,1h,1.0,7.264739999999997,1,0,338,0.160329386763813,250,250
040851385_l1,040851385,l1,11.3,11.796783373286628,7.264739999999997,0.5930400000000005,1h,2.0,14.529479999999994,1,0,70,0.033204310868245296,54,54
040851385_l1,040851385,l1,11.3,11.796783373286628,7.264739999999997,0.5930400000000005,1h,3.0,21.794219999999992,1,0,28,0.013281724347298117,21,21
040851385_l1,040851385,l1,11.3,11.796783373286628,7.264739999999997,0.5930400000000005,1h,4.0,29.05895999999999,1,0,18,0.00853825136612022,14,14
040851385_l1,040851385,l1,11.3,11.796783373286628,7.264739999999997,0.5930400000000005,1h,5.0,36.32369999999999,1,0,15,0.007115209471766849,10,10
040851385_l1,040851385,l1,11.3,11.796783373286628,7.264739999999997,0.5930400000000005,1h,6.0,43.588439999999984,1,0,8,0.0037947783849423193,6,6
040851385_l1,040851385,l1,11.3,11.796783373286628,7.264739999999997,0.5930400000000005,1h,8.0,58.11791999999998,1,0,2,0.0009486945962355798,2,2
040851385_l1,040851385,l1,11.3,11.796783373286628,7.264739999999997,0.5930400000000005,1h,10.0,72.64739999999998,1,0,1,0.0004743472981177899,1,1
040851385_l1,040851385,l1,11.3,11.796783373286628,7.264739999999997,0.5930400000000005,1h,12.0,87.17687999999997,1,0,0,0.0,0,0
040851385_l1,040851385,l1,11.3,11.796783373286628,7.264739999999997,0.5930400000000005,1h,15.0,108.97109999999995,1,0,0,0.0,0,0
040851385_l1,040851385,l1,11.3,11.796783373286628,7.264739999999997,0.5930400000000005,1h,20.0,145.29479999999995,1,0,0,0.0,0,0
040851385_l1,040851385,l1,11.3,11.796783373286628,7.264739999999997,0.5930400000000005,3h,0.5,3.6323699999999985,1,0,1360,0.6451123254401943,429,429
040851385_l1,040851385,l1,11.3,11.796783373286628,7.264739999999997,0.5930400000000005,3h,1.0,7.264739999999997,1,0,341,0.16175242865816636,108,108
040851385_l1,040851385,l1,11.3,11.796783373286628,7.264739999999997,0.5930400000000005,3h,2.0,14.529479999999994,1,0,58,0.027512143290831816,31,31
040851385_l1,040851385,l1,11.3,11.796783373286628,7.264739999999997,0.5930400000000005,3h,3.0,21.794219999999992,1,0,12,0.005692167577413479,12,12
040851385_l1,040851385,l1,11.3,11.796783373286628,7.264739999999997,0.5930400000000005,3h,4.0,29.05895999999999,1,0,6,0.0028460837887067394,6,6
040851385_l1,040851385,l1,11.3,11.796783373286628,7.264739999999997,0.5930400000000005,3h,5.0,36.32369999999999,1,0,4,0.0018973891924711596,4,4
040851385_l1,040851385,l1,11.3,11.796783373286628,7.264739999999997,0.5930400000000005,3h,6.0,43.588439999999984,1,0,3,0.0014230418943533697,3,3
040851385_l1,040851385,l1,11.3,11.796783373286628,7.264739999999997,0.5930400000000005,3h,8.0,58.11791999999998,1,0,1,0.0004743472981177899,1,1
040851385_l1,040851385,l1,11.3,11.796783373286628,7.264739999999997,0.5930400000000005,3h,10.0,72.64739999999998,1,0,1,0.0004743472981177899,1,1
040851385_l1,040851385,l1,11.3,11.796783373286628,7.264739999999997,0.5930400000000005,3h,12.0,87.17687999999997,1,0,0,0.0,0,0
040851385_l1,040851385,l1,11.3,11.796783373286628,7.264739999999997,0.5930400000000005,3h,15.0,108.97109999999995,1,0,0,0.0,0,0
040851385_l1,040851385,l1,11.3,11.796783373286628,7.264739999999997,0.5930400000000005,3h,20.0,145.29479999999995,1,0,0,0.0,0,0
040851385_l1,040851385,l1,11.3,11.796783373286628,7.264739999999997,0.5930400000000005,6h,0.5,3.6323699999999985,1,0,1686,0.7997495446265938,249,249
040851385_l1,040851385,l1,11.3,11.796783373286628,7.264739999999997,0.5930400000000005,6h,1.0,7.264739999999997,1,0,670,0.31781268973891924,77,77
040851385_l1,040851385,l1,11.3,11.796783373286628,7.264739999999997,0.5930400000000005,6h,2.0,14.529479999999994,1,0,132,0.06261384335154827,28,28
040851385_l1,040851385,l1,11.3,11.796783373286628,7.264739999999997,0.5930400000000005,6h,3.0,21.794219999999992,1,0,34,0.016127808136004857,14,14
040851385_l1,040851385,l1,11.3,11.796783373286628,7.264739999999997,0.5930400000000005,6h,4.0,29.05895999999999,1,0,8,0.0037947783849423193,8,8
040851385_l1,040851385,l1,11.3,11.796783373286628,7.264739999999997,0.5930400000000005,6h,5.0,36.32369999999999,1,0,3,0.0014230418943533697,3,3
040851385_l1,040851385,l1,11.3,11.796783373286628,7.264739999999997,0.5930400000000005,6h,6.0,43.588439999999984,1,0,2,0.0009486945962355798,2,2
040851385_l1,040851385,l1,11.3,11.796783373286628,7.264739999999997,0.5930400000000005,6h,8.0,58.11791999999998,1,0,1,0.0004743472981177899,1,1
040851385_l1,040851385,l1,11.3,11.796783373286628,7.264739999999997,0.5930400000000005,6h,10.0,72.64739999999998,1,0,1,0.0004743472981177899,1,1
040851385_l1,040851385,l1,11.3,11.796783373286628,7.264739999999997,0.5930400000000005,6h,12.0,87.17687999999997,1,0,0,0.0,0,0
040851385_l1,040851385,l1,11.3,11.796783373286628,7.264739999999997,0.5930400000000005,6h,15.0,108.97109999999995,1,0,0,0.0,0,0
040851385_l1,040851385,l1,11.3,11.796783373286628,7.264739999999997,0.5930400000000005,6h,20.0,145.29479999999995,1,0,0,0.0,0,0
040851385_l1,040851385,l1,11.3,11.796783373286628,7.264739999999997,0.5930400000000005,12h,0.5,3.6323699999999985,1,0,2414,1.1450743776563448,140,140
040851385_l1,040851385,l1,11.3,11.796783373286628,7.264739999999997,0.5930400000000005,12h,1.0,7.264739999999997,1,0,959,0.4548990588949605,52,52
040851385_l1,040851385,l1,11.3,11.796783373286628,7.264739999999997,0.5930400000000005,12h,2.0,14.529479999999994,1,0,364,0.17266241651487554,18,18
040851385_l1,040851385,l1,11.3,11.796783373286628,7.264739999999997,0.5930400000000005,12h,3.0,21.794219999999992,1,0,119,0.056447328476017,12,12
040851385_l1,040851385,l1,11.3,11.796783373286628,7.264739999999997,0.5930400000000005,12h,4.0,29.05895999999999,1,0,75,0.03557604735883425,9,9
040851385_l1,040851385,l1,11.3,11.796783373286628,7.264739999999997,0.5930400000000005,12h,5.0,36.32369999999999,1,0,33,0.015653460837887066,5,5
040851385_l1,040851385,l1,11.3,11.796783373286628,7.264739999999997,0.5930400000000005,12h,6.0,43.588439999999984,1,0,2,0.0009486945962355798,2,2
040851385_l1,040851385,l1,11.3,11.796783373286628,7.264739999999997,0.5930400000000005,12h,8.0,58.11791999999998,1,0,1,0.0004743472981177899,1,1
040851385_l1,040851385,l1,11.3,11.796783373286628,7.264739999999997,0.5930400000000005,12h,10.0,72.64739999999998,1,0,1,0.0004743472981177899,1,1
040851385_l1,040851385,l1,11.3,11.796783373286628,7.264739999999997,0.5930400000000005,12h,12.0,87.17687999999997,1,0,0,0.0,0,0
040851385_l1,040851385,l1,11.3,11.796783373286628,7.264739999999997,0.5930400000000005,12h,15.0,108.97109999999995,1,0,0,0.0,0,0
040851385_l1,040851385,l1,11.3,11.796783373286628,7.264739999999997,0.5930400000000005,12h,20.0,145.29479999999995,1,0,0,0.0,0,0
040851385_l2,040851385,l2,11.4,11.824826849701203,7.26474,0.5930400000000005,1h,0.5,3.63237,2,1,1431,0.6787909836065574,931,930
040851385_l2,040851385,l2,11.4,11.824826849701203,7.26474,0.5930400000000005,1h,1.0,7.26474,2,0,340,0.16127808136004856,257,257
040851385_l2,040851385,l2,11.4,11.824826849701203,7.26474,0.5930400000000005,1h,2.0,14.52948,2,0,77,0.03652474195506982,61,61
040851385_l2,040851385,l2,11.4,11.824826849701203,7.26474,0.5930400000000005,1h,3.0,21.79422,2,0,30,0.014230418943533697,23,23
040851385_l2,040851385,l2,11.4,11.824826849701203,7.26474,0.5930400000000005,1h,4.0,29.05896,2,0,19,0.009012598664238008,15,15
040851385_l2,040851385,l2,11.4,11.824826849701203,7.26474,0.5930400000000005,1h,5.0,36.3237,2,0,15,0.007115209471766849,10,10
040851385_l2,040851385,l2,11.4,11.824826849701203,7.26474,0.5930400000000005,1h,6.0,43.58844,2,0,8,0.0037947783849423193,6,6
040851385_l2,040851385,l2,11.4,11.824826849701203,7.26474,0.5930400000000005,1h,8.0,58.11792,2,0,2,0.0009486945962355798,2,2
040851385_l2,040851385,l2,11.4,11.824826849701203,7.26474,0.5930400000000005,1h,10.0,72.6474,2,0,1,0.0004743472981177899,1,1
040851385_l2,040851385,l2,11.4,11.824826849701203,7.26474,0.5930400000000005,1h,12.0,87.17688,2,0,0,0.0,0,0
040851385_l2,040851385,l2,11.4,11.824826849701203,7.26474,0.5930400000000005,1h,15.0,108.97109999999999,2,0,0,0.0,0,0
040851385_l2,040851385,l2,11.4,11.824826849701203,7.26474,0.5930400000000005,1h,20.0,145.2948,2,0,0,0.0,0,0
040851385_l2,040851385,l2,11.4,11.824826849701203,7.26474,0.5930400000000005,3h,0.5,3.63237,2,1,1360,0.6451123254401943,433,432
040851385_l2,040851385,l2,11.4,11.824826849701203,7.26474,0.5930400000000005,3h,1.0,7.26474,2,1,349,0.16554720704310869,116,115
040851385_l2,040851385,l2,11.4,11.824826849701203,7.26474,0.5930400000000005,3h,2.0,14.52948,2,0,57,0.027037795992714025,30,30
040851385_l2,040851385,l2,11.4,11.824826849701203,7.26474,0.5930400000000005,3h,3.0,21.79422,2,0,11,0.005217820279295689,11,11
040851385_l2,040851385,l2,11.4,11.824826849701203,7.26474,0.5930400000000005,3h,4.0,29.05896,2,0,6,0.0028460837887067394,6,6
040851385_l2,040851385,l2,11.4,11.824826849701203,7.26474,0.5930400000000005,3h,5.0,36.3237,2,0,4,0.0018973891924711596,4,4
040851385_l2,040851385,l2,11.4,11.824826849701203,7.26474,0.5930400000000005,3h,6.0,43.58844,2,0,3,0.0014230418943533697,3,3
040851385_l2,040851385,l2,11.4,11.824826849701203,7.26474,0.5930400000000005,3h,8.0,58.11792,2,0,1,0.0004743472981177899,1,1
040851385_l2,040851385,l2,11.4,11.824826849701203,7.26474,0.5930400000000005,3h,10.0,72.6474,2,0,1,0.0004743472981177899,1,1
040851385_l2,040851385,l2,11.4,11.824826849701203,7.26474,0.5930400000000005,3h,12.0,87.17688,2,0,0,0.0,0,0
040851385_l2,040851385,l2,11.4,11.824826849701203,7.26474,0.5930400000000005,3h,15.0,108.97109999999999,2,0,0,0.0,0,0
040851385_l2,040851385,l2,11.4,11.824826849701203,7.26474,0.5930400000000005,3h,20.0,145.2948,2,0,0,0.0,0,0
040851385_l2,040851385,l2,11.4,11.824826849701203,7.26474,0.5930400000000005,6h,0.5,3.63237,2,1,1696,0.8044930176077717,254,252
040851385_l2,040851385,l2,11.4,11.824826849701203,7.26474,0.5930400000000005,6h,1.0,7.26474,2,0,673,0.3192357316332726,79,79
040851385_l2,040851385,l2,11.4,11.824826849701203,7.26474,0.5930400000000005,6h,2.0,14.52948,2,0,133,0.06308819064966606,28,28
040851385_l2,040851385,l2,11.4,11.824826849701203,7.26474,0.5930400000000005,6h,3.0,21.79422,2,0,35,0.016602155434122648,15,15
040851385_l2,040851385,l2,11.4,11.824826849701203,7.26474,0.5930400000000005,6h,4.0,29.05896,2,0,8,0.0037947783849423193,8,8
040851385_l2,040851385,l2,11.4,11.824826849701203,7.26474,0.5930400000000005,6h,5.0,36.3237,2,0,3,0.0014230418943533697,3,3
040851385_l2,040851385,l2,11.4,11.824826849701203,7.26474,0.5930400000000005,6h,6.0,43.58844,2,0,2,0.0009486945962355798,2,2
040851385_l2,040851385,l2,11.4,11.824826849701203,7.26474,0.5930400000000005,6h,8.0,58.11792,2,0,1,0.0004743472981177899,1,1
040851385_l2,040851385,l2,11.4,11.824826849701203,7.26474,0.5930400000000005,6h,10.0,72.6474,2,0,1,0.0004743472981177899,1,1
040851385_l2,040851385,l2,11.4,11.824826849701203,7.26474,0.5930400000000005,6h,12.0,87.17688,2,0,0,0.0,0,0
040851385_l2,040851385,l2,11.4,11.824826849701203,7.26474,0.5930400000000005,6h,15.0,108.97109999999999,2,0,0,0.0,0,0
040851385_l2,040851385,l2,11.4,11.824826849701203,7.26474,0.5930400000000005,6h,20.0,145.2948,2,0,0,0.0,0,0
040851385_l2,040851385,l2,11.4,11.824826849701203,7.26474,0.5930400000000005,12h,0.5,3.63237,2,1,2388,1.1327413479052824,142,140
040851385_l2,040851385,l2,11.4,11.824826849701203,7.26474,0.5930400000000005,12h,1.0,7.26474,2,0,942,0.4468351548269581,53,53
040851385_l2,040851385,l2,11.4,11.824826849701203,7.26474,0.5930400000000005,12h,2.0,14.52948,2,0,353,0.16744459623557983,18,18
040851385_l2,040851385,l2,11.4,11.824826849701203,7.26474,0.5930400000000005,12h,3.0,21.79422,2,0,117,0.05549863387978142,13,13
040851385_l2,040851385,l2,11.4,11.824826849701203,7.26474,0.5930400000000005,12h,4.0,29.05896,2,0,72,0.03415300546448088,9,9
040851385_l2,040851385,l2,11.4,11.824826849701203,7.26474,0.5930400000000005,12h,5.0,36.3237,2,0,33,0.015653460837887066,5,5
040851385_l2,040851385,l2,11.4,11.824826849701203,7.26474,0.5930400000000005,12h,6.0,43.58844,2,0,2,0.0009486945962355798,2,2
040851385_l2,040851385,l2,11.4,11.824826849701203,7.26474,0.5930400000000005,12h,8.0,58.11792,2,0,1,0.0004743472981177899,1,1
040851385_l2,040851385,l2,11.4,11.824826849701203,7.26474,0.5930400000000005,12h,10.0,72.6474,2,0,1,0.0004743472981177899,1,1
040851385_l2,040851385,l2,11.4,11.824826849701203,7.26474,0.5930400000000005,12h,12.0,87.17688,2,0,0,0.0,0,0
040851385_l2,040851385,l2,11.4,11.824826849701203,7.26474,0.5930400000000005,12h,15.0,108.97109999999999,2,0,0,0.0,0,0
040851385_l2,040851385,l2,11.4,11.824826849701203,7.26474,0.5930400000000005,12h,20.0,145.2948,2,0,0,0.0,0,0
040851385_l3,040851385,l3,11.3,11.896881226729606,7.26474,0.5930399999999991,1h,0.5,3.63237,8,6,1474,0.6991879174256224,962,952
040851385_l3,040851385,l3,11.3,11.896881226729606,7.26474,0.5930399999999991,1h,1.0,7.26474,8,3,377,0.1788289313904068,273,268
040851385_l3,040851385,l3,11.3,11.896881226729606,7.26474,0.5930399999999991,1h,2.0,14.52948,8,1,88,0.04174256223436551,63,62
040851385_l3,040851385,l3,11.3,11.896881226729606,7.26474,0.5930399999999991,1h,3.0,21.79422,8,0,34,0.016127808136004857,23,23
040851385_l3,040851385,l3,11.3,11.896881226729606,7.26474,0.5930399999999991,1h,4.0,29.05896,8,0,22,0.010435640558591378,15,15
040851385_l3,040851385,l3,11.3,11.896881226729606,7.26474,0.5930399999999991,1h,5.0,36.3237,8,0,15,0.007115209471766849,10,10
040851385_l3,040851385,l3,11.3,11.896881226729606,7.26474,0.5930399999999991,1h,6.0,43.58844,8,0,8,0.0037947783849423193,6,6
040851385_l3,040851385,l3,11.3,11.896881226729606,7.26474,0.5930399999999991,1h,8.0,58.11792,8,0,2,0.0009486945962355798,2,2
040851385_l3,040851385,l3,11.3,11.896881226729606,7.26474,0.5930399999999991,1h,10.0,72.6474,8,0,1,0.0004743472981177899,1,1
040851385_l3,040851385,l3,11.3,11.896881226729606,7.26474,0.5930399999999991,1h,12.0,87.17688,8,0,0,0.0,0,0
040851385_l3,040851385,l3,11.3,11.896881226729606,7.26474,0.5930399999999991,1h,15.0,108.97109999999999,8,0,0,0.0,0,0
040851385_l3,040851385,l3,11.3,11.896881226729606,7.26474,0.5930399999999991,1h,20.0,145.2948,8,0,0,0.0,0,0
040851385_l3,040851385,l3,11.3,11.896881226729606,7.26474,0.5930399999999991,3h,0.5,3.63237,8,5,1317,0.6247153916211293,445,439
040851385_l3,040851385,l3,11.3,11.896881226729606,7.26474,0.5930399999999991,3h,1.0,7.26474,8,4,344,0.16317547055251974,121,116
040851385_l3,040851385,l3,11.3,11.896881226729606,7.26474,0.5930399999999991,3h,2.0,14.52948,8,1,66,0.03130692167577413,32,31
040851385_l3,040851385,l3,11.3,11.896881226729606,7.26474,0.5930399999999991,3h,3.0,21.79422,8,0,12,0.005692167577413479,12,12
040851385_l3,040851385,l3,11.3,11.896881226729606,7.26474,0.5930399999999991,3h,4.0,29.05896,8,0,6,0.0028460837887067394,6,6
040851385_l3,040851385,l3,11.3,11.896881226729606,7.26474,0.5930399999999991,3h,5.0,36.3237,8,0,4,0.0018973891924711596,4,4
040851385_l3,040851385,l3,11.3,11.896881226729606,7.26474,0.5930399999999991,3h,6.0,43.58844,8,0,3,0.0014230418943533697,3,3
040851385_l3,040851385,l3,11.3,11.896881226729606,7.26474,0.5930399999999991,3h,8.0,58.11792,8,0,1,0.0004743472981177899,1,1
040851385_l3,040851385,l3,11.3,11.896881226729606,7.26474,0.5930399999999991,3h,10.0,72.6474,8,0,1,0.0004743472981177899,1,1
040851385_l3,040851385,l3,11.3,11.896881226729606,7.26474,0.5930399999999991,3h,12.0,87.17688,8,0,0,0.0,0,0
040851385_l3,040851385,l3,11.3,11.896881226729606,7.26474,0.5930399999999991,3h,15.0,108.97109999999999,8,0,0,0.0,0,0
040851385_l3,040851385,l3,11.3,11.896881226729606,7.26474,0.5930399999999991,3h,20.0,145.2948,8,0,0,0.0,0,0
040851385_l3,040851385,l3,11.3,11.896881226729606,7.26474,0.5930399999999991,6h,0.5,3.63237,8,8,1649,0.7821986945962356,249,244
040851385_l3,040851385,l3,11.3,11.896881226729606,7.26474,0.5930399999999991,6h,1.0,7.26474,8,5,672,0.31876138433515483,83,79
040851385_l3,040851385,l3,11.3,11.896881226729606,7.26474,0.5930399999999991,6h,2.0,14.52948,8,1,136,0.06451123254401943,26,25
040851385_l3,040851385,l3,11.3,11.896881226729606,7.26474,0.5930399999999991,6h,3.0,21.79422,8,0,34,0.016127808136004857,14,14
040851385_l3,040851385,l3,11.3,11.896881226729606,7.26474,0.5930399999999991,6h,4.0,29.05896,8,0,9,0.00426912568306011,9,9
040851385_l3,040851385,l3,11.3,11.896881226729606,7.26474,0.5930399999999991,6h,5.0,36.3237,8,0,4,0.0018973891924711596,4,4
040851385_l3,040851385,l3,11.3,11.896881226729606,7.26474,0.5930399999999991,6h,6.0,43.58844,8,0,3,0.0014230418943533697,3,3
040851385_l3,040851385,l3,11.3,11.896881226729606,7.26474,0.5930399999999991,6h,8.0,58.11792,8,0,1,0.0004743472981177899,1,1
040851385_l3,040851385,l3,11.3,11.896881226729606,7.26474,0.5930399999999991,6h,10.0,72.6474,8,0,1,0.0004743472981177899,1,1
040851385_l3,040851385,l3,11.3,11.896881226729606,7.26474,0.5930399999999991,6h,12.0,87.17688,8,0,0,0.0,0,0
040851385_l3,040851385,l3,11.3,11.896881226729606,7.26474,0.5930399999999991,6h,15.0,108.97109999999999,8,0,0,0.0,0,0
040851385_l3,040851385,l3,11.3,11.896881226729606,7.26474,0.5930399999999991,6h,20.0,145.2948,8,0,0,0.0,0,0
040851385_l3,040851385,l3,11.3,11.896881226729606,7.26474,0.5930399999999991,12h,0.5,3.63237,8,8,2385,1.1313183060109289,137,133
040851385_l3,040851385,l3,11.3,11.896881226729606,7.26474,0.5930399999999991,12h,1.0,7.26474,8,6,968,0.45916818457802067,53,51
040851385_l3,040851385,l3,11.3,11.896881226729606,7.26474,0.5930399999999991,12h,2.0,14.52948,8,0,378,0.17930327868852458,17,17
040851385_l3,040851385,l3,11.3,11.896881226729606,7.26474,0.5930399999999991,12h,3.0,21.79422,8,0,124,0.05881906496660595,12,12
040851385_l3,040851385,l3,11.3,11.896881226729606,7.26474,0.5930399999999991,12h,4.0,29.05896,8,0,77,0.03652474195506982,9,9
040851385_l3,040851385,l3,11.3,11.896881226729606,7.26474,0.5930399999999991,12h,5.0,36.3237,8,0,59,0.027986490588949604,5,5
040851385_l3,040851385,l3,11.3,11.896881226729606,7.26474,0.5930399999999991,12h,6.0,43.58844,8,0,3,0.0014230418943533697,3,3
040851385_l3,040851385,l3,11.3,11.896881226729606,7.26474,0.5930399999999991,12h,8.0,58.11792,8,0,1,0.0004743472981177899,1,1
040851385_l3,040851385,l3,11.3,11.896881226729606,7.26474,0.5930399999999991,12h,10.0,72.6474,8,0,1,0.0004743472981177899,1,1
040851385_l3,040851385,l3,11.3,11.896881226729606,7.26474,0.5930399999999991,12h,12.0,87.17688,8,0,0,0.0,0,0
040851385_l3,040851385,l3,11.3,11.896881226729606,7.26474,0.5930399999999991,12h,15.0,108.97109999999999,8,0,0,0.0,0,0
040851385_l3,040851385,l3,11.3,11.896881226729606,7.26474,0.5930399999999991,12h,20.0,145.2948,8,0,0,0.0,0,0
