dataset,window,q,thresh,n_events,detected,n_flagged,per_month
01467200_l1,1h,0.99,7.475000000000001,2,0,213,8.875
01467200_l1,1h,0.995,9.058333333333332,2,0,137,5.708333333333333
01467200_l1,1h,0.999,12.633041666666491,2,0,37,1.5416666666666667
01467200_l1,1h,0.9995,14.117700186996148,2,0,22,0.9166666666666666
01467200_l1,1h,0.9999,16.346047348484962,2,0,9,0.375
01467200_l1,1h,0.99995,16.850640151515574,2,0,6,0.25
01467200_l1,3h,0.99,9.139111111111125,2,0,231,9.625
01467200_l1,3h,0.995,10.700277777777792,2,0,108,4.5
01467200_l1,3h,0.999,14.210055555555952,2,0,12,0.5
01467200_l1,3h,0.9995,17.6432045454547,2,0,4,0.16666666666666666
01467200_l1,3h,0.9999,23.790059365077713,2,0,1,0.041666666666666664
01467200_l1,3h,0.99995,25.307392460316784,2,0,1,0.041666666666666664
01467200_l1,6h,0.99,5.995014492753636,2,2,144,6.0
01467200_l1,6h,0.995,7.422371428571405,2,0,70,2.9166666666666665
01467200_l1,6h,0.999,13.929657276995288,2,0,4,0.16666666666666666
01467200_l1,6h,0.9995,22.002653922569863,2,0,2,0.08333333333333333
01467200_l1,6h,0.9999,31.821087887324754,2,0,1,0.041666666666666664
01467200_l1,6h,0.99995,33.23877915492886,2,0,1,0.041666666666666664
01467200_l1,12h,0.99,6.2819487003824905,2,0,130,5.416666666666667
01467200_l1,12h,0.995,9.529523288266505,2,0,6,0.25
01467200_l1,12h,0.999,24.537137906065443,2,0,2,0.08333333333333333
01467200_l1,12h,0.9995,27.30504131329718,2,0,2,0.08333333333333333
01467200_l1,12h,0.9999,29.520162304176534,2,0,1,0.041666666666666664
01467200_l1,12h,0.99995,29.592176388889,2,0,1,0.041666666666666664
01467200_l2,1h,0.99,7.6000000000000005,5,3,222,9.25
01467200_l2,1h,0.995,9.2,5,3,138,5.75
01467200_l2,1h,0.999,12.799358333333414,5,2,41,1.7083333333333333
01467200_l2,1h,0.9995,14.216666666666665,5,1,23,0.9583333333333334
01467200_l2,1h,0.9999,16.723473181818154,5,1,9,0.375
01467200_l2,1h,0.99995,17.617237575757176,5,1,4,0.16666666666666666
01467200_l2,3h,0.99,9.238813492063503,5,2,227,9.458333333333334
01467200_l2,3h,0.995,10.803787698412672,5,2,106,4.416666666666667
01467200_l2,3h,0.999,14.112108220211582,5,1,14,0.5833333333333334
01467200_l2,3h,0.9995,17.482763888889334,5,1,6,0.25
01467200_l2,3h,0.9999,23.794826904760818,5,0,2,0.08333333333333333
01467200_l2,3h,0.99995,25.309307837303745,5,0,2,0.08333333333333333
01467200_l2,6h,0.99,6.227777777777777,5,5,131,5.458333333333333
01467200_l2,6h,0.995,8.25705985915503,5,5,69,2.875
01467200_l2,6h,0.999,15.405240678798933,5,1,5,0.20833333333333334
01467200_l2,6h,0.9995,22.007644839934187,5,0,2,0.08333333333333333
01467200_l2,6h,0.9999,31.827509518784005,5,0,1,0.041666666666666664
01467200_l2,6h,0.99995,33.239354534428415,5,0,1,0.041666666666666664
01467200_l2,12h,0.99,7.716856940561852,5,5,22,0.9166666666666666
01467200_l2,12h,0.995,10.84591269590873,5,5,10,0.4166666666666667
01467200_l2,12h,0.999,24.539643158260176,5,0,2,0.08333333333333333
01467200_l2,12h,0.9995,27.30746912661806,5,0,2,0.08333333333333333
01467200_l2,12h,0.9999,29.520539534189506,5,0,1,0.041666666666666664
01467200_l2,12h,0.99995,29.592281641236195,5,0,1,0.041666666666666664
01467200_l3,1h,0.99,7.766391065254509,7,4,228,9.5
01467200_l3,1h,0.995,9.300000000000002,7,3,142,5.916666666666667
01467200_l3,1h,0.999,13.240834913691902,7,1,40,1.6666666666666667
01467200_l3,1h,0.9995,14.712450000000052,7,0,20,0.8333333333333334
01467200_l3,1h,0.9999,17.94182965906117,7,0,4,0.16666666666666666
01467200_l3,1h,0.99995,22.65925587624583,7,0,2,0.08333333333333333
01467200_l3,3h,0.99,9.146917460317468,7,2,228,9.5
01467200_l3,3h,0.995,10.762857142857154,7,1,108,4.5
01467200_l3,3h,0.999,13.686179347843087,7,1,14,0.5833333333333334
01467200_l3,3h,0.9995,17.137133333333704,7,0,5,0.20833333333333334
01467200_l3,3h,0.9999,23.802388444447562,7,0,1,0.041666666666666664
01467200_l3,3h,0.99995,25.312345714286977,7,0,1,0.041666666666666664
01467200_l3,6h,0.99,6.232008573178193,7,6,134,5.583333333333333
01467200_l3,6h,0.995,7.842984015836954,7,3,73,3.0416666666666665
01467200_l3,6h,0.999,13.564286327608801,7,1,35,1.4583333333333333
01467200_l3,6h,0.9995,21.98063927374664,7,0,2,0.08333333333333333
01467200_l3,6h,0.9999,31.83779630281414,7,0,1,0.041666666666666664
01467200_l3,6h,0.99995,33.240276232394905,7,0,1,0.041666666666666664
01467200_l3,12h,0.99,6.764680515884771,7,4,97,4.041666666666667
01467200_l3,12h,0.995,9.558673802065833,7,2,7,0.2916666666666667
01467200_l3,12h,0.999,23.996494439786247,7,0,2,0.08333333333333333
01467200_l3,12h,0.9995,26.8928824889825,7,0,2,0.08333333333333333
01467200_l3,12h,0.9999,28.40897094208674,7,0,1,0.041666666666666664
01467200_l3,12h,0.99995,28.691492735856826,7,0,1,0.041666666666666664
02054550_l1,1h,0.99,17.63333333333334,1,0,402,16.75
02054550_l1,1h,0.995,38.56250000000001,1,0,169,7.041666666666667
02054550_l1,1h,0.999,110.3414393939384,1,0,23,0.9583333333333334
02054550_l1,1h,0.9995,145.81250000000486,1,0,13,0.5416666666666666
02054550_l1,1h,0.9999,293.2151666666841,1,0,3,0.125
02054550_l1,1h,0.99995,384.3765833332354,1,0,3,0.125
02054550_l1,3h,0.99,43.686928571428545,1,0,240,10.0
02054550_l1,3h,0.995,90.91601388888878,1,0,112,4.666666666666667
02054550_l1,3h,0.999,216.1491694444407,1,0,19,0.7916666666666666
02054550_l1,3h,0.9995,294.16971111111087,1,0,4,0.16666666666666666
02054550_l1,3h,0.9999,411.7120591666692,1,0,3,0.125
02054550_l1,3h,0.99995,480.22468886114046,1,0,2,0.08333333333333333
02054550_l1,6h,0.99,75.17048611111113,1,0,162,6.75
02054550_l1,6h,0.995,136.19552034428793,1,0,80,3.3333333333333335
02054550_l1,6h,0.999,298.43179563492066,1,0,8,0.3333333333333333
02054550_l1,6h,0.9995,388.7077126902831,1,0,3,0.125
02054550_l1,6h,0.9999,463.75597735719924,1,0,2,0.08333333333333333
02054550_l1,6h,0.99995,467.14637592918274,1,0,1,0.041666666666666664
02054550_l1,12h,0.99,106.93414939309038,1,0,184,7.666666666666667
02054550_l1,12h,0.995,176.84084623015931,1,0,125,5.208333333333333
02054550_l1,12h,0.999,315.33488433110983,1,0,29,1.2083333333333333
02054550_l1,12h,0.9995,417.32189008023886,1,0,2,0.08333333333333333
02054550_l1,12h,0.9999,497.0657297648233,1,0,1,0.041666666666666664
02054550_l1,12h,0.99995,506.61406678239854,1,0,1,0.041666666666666664
02054550_l2,1h,0.99,17.659583333333305,2,0,402,16.75
02054550_l2,1h,0.995,38.64416666666707,2,0,168,7.0
02054550_l2,1h,0.999,110.3746249999987,2,0,23,0.9583333333333334
02054550_l2,1h,0.9995,145.83812500000204,2,0,13,0.5416666666666666
02054550_l2,1h,0.9999,293.26139166668963,2,0,3,0.125
02054550_l2,1h,0.99995,384.47709583338343,2,0,3,0.125
02054550_l2,3h,0.99,43.81541666666696,2,0,240,10.0
02054550_l2,3h,0.995,90.99569444444478,2,0,111,4.625
02054550_l2,3h,0.999,216.28793055555633,2,0,19,0.7916666666666666
02054550_l2,3h,0.9995,294.2072736111214,2,0,4,0.16666666666666666
02054550_l2,3h,0.9999,411.722343055557,2,0,3,0.125
02054550_l2,3h,0.99995,480.3452362498531,2,0,2,0.08333333333333333
02054550_l2,6h,0.99,75.25474516908157,2,0,162,6.75
02054550_l2,6h,0.995,136.60209054819083,2,0,80,3.3333333333333335
02054550_l2,6h,0.999,298.4777857142881,2,0,7,0.2916666666666667
02054550_l2,6h,0.9995,388.884284722223,2,0,3,0.125
02054550_l2,6h,0.9999,463.75777490219,2,0,2,0.08333333333333333
02054550_l2,6h,0.99995,467.1495347378701,2,0,1,0.041666666666666664
02054550_l2,12h,0.99,107.13181743714028,2,0,184,7.666666666666667
02054550_l2,12h,0.995,176.91818055555606,2,0,125,5.208333333333333
02054550_l2,12h,0.999,315.47269135802526,2,0,28,1.1666666666666667
02054550_l2,12h,0.9995,417.38927923742943,2,0,2,0.08333333333333333
02054550_l2,12h,0.9999,497.09375528791577,2,0,1,0.041666666666666664
02054550_l2,12h,0.99995,506.6290565740742,2,0,1,0.041666666666666664
02054550_l3,1h,0.99,17.84666666666671,5,0,404,16.833333333333332
02054550_l3,1h,0.995,38.660833333333244,5,0,168,7.0
02054550_l3,1h,0.999,110.42349999999885,5,0,23,0.9583333333333334
02054550_l3,1h,0.9995,145.85250000000087,5,0,13,0.5416666666666666
02054550_l3,1h,0.9999,293.3355666666461,5,0,3,0.125
02054550_l3,1h,0.99995,384.63838333342477,5,0,3,0.125
02054550_l3,3h,0.99,43.96611111111107,5,0,237,9.875
02054550_l3,3h,0.995,90.95478056068731,5,0,112,4.666666666666667
02054550_l3,3h,0.999,216.52655555555717,5,0,19,0.7916666666666666
02054550_l3,3h,0.9995,294.32447777777855,5,0,4,0.16666666666666666
02054550_l3,3h,0.9999,411.738922222228,5,0,3,0.125
02054550_l3,3h,0.99995,480.5395766665696,5,0,2,0.08333333333333333
02054550_l3,6h,0.99,75.67703435127835,5,0,161,6.708333333333333
02054550_l3,6h,0.995,136.74113986139054,5,0,80,3.3333333333333335
02054550_l3,6h,0.999,298.5542380952379,5,0,7,0.2916666666666667
02054550_l3,6h,0.9995,388.91085101010094,5,0,3,0.125
02054550_l3,6h,0.9999,463.7606543818461,5,0,2,0.08333333333333333
02054550_l3,6h,0.99995,467.1545948200348,5,0,1,0.041666666666666664
02054550_l3,12h,0.99,107.47461029411753,5,0,183,7.625
02054550_l3,12h,0.995,177.5800598021585,5,0,124,5.166666666666667
02054550_l3,12h,0.999,315.688161616155,5,0,28,1.1666666666666667
02054550_l3,12h,0.9995,417.4719628954496,5,0,2,0.08333333333333333
02054550_l3,12h,0.9999,497.1386492538588,5,0,1,0.041666666666666664
02054550_l3,12h,0.99995,506.6530686573902,5,0,1,0.041666666666666664
040851385_l1,1h,0.99,7.449999999999999,1,0,321,13.375
040851385_l1,1h,0.995,10.027041666666632,1,0,172,7.166666666666667
040851385_l1,1h,0.999,18.903074242424214,1,0,42,1.75
040851385_l1,1h,0.9995,27.47144583333332,1,0,19,0.7916666666666666
040851385_l1,1h,0.9999,42.05477916666593,1,0,9,0.375
040851385_l1,1h,0.99995,47.928199500017506,1,0,4,0.16666666666666666
040851385_l1,3h,0.99,9.642970634920639,1,0,182,7.583333333333333
040851385_l1,3h,0.995,13.231040476190499,1,0,75,3.125
040851385_l1,3h,0.999,24.77799444444455,1,0,8,0.3333333333333333
040851385_l1,3h,0.9995,32.09874977124209,1,0,6,0.25
040851385_l1,3h,0.9999,54.13737601550702,1,0,3,0.125
040851385_l1,3h,0.99995,66.65011692859365,1,0,1,0.041666666666666664
040851385_l1,6h,0.99,13.99730831172769,1,0,144,6.0
040851385_l1,6h,0.995,19.445155874702,1,0,46,1.9166666666666667
040851385_l1,6h,0.999,30.32272104018907,1,0,6,0.25
040851385_l1,6h,0.9995,40.61050927230044,1,0,3,0.125
040851385_l1,6h,0.9999,56.639098774206836,1,0,1,0.041666666666666664
040851385_l1,6h,0.99995,69.0083478712182,1,0,1,0.041666666666666664
040851385_l1,12h,0.99,21.062056516636055,1,0,123,5.125
040851385_l1,12h,0.995,28.383811465867787,1,0,75,3.125
040851385_l1,12h,0.999,40.71008077191684,1,0,5,0.20833333333333334
040851385_l1,12h,0.9995,46.60021676588972,1,0,2,0.08333333333333333
040851385_l1,12h,0.9999,63.61968847290005,1,0,1,0.041666666666666664
040851385_l1,12h,0.99995,69.40337174762384,1,0,1,0.041666666666666664
040851385_l2,1h,0.99,7.574999999999996,2,0,312,13.0
040851385_l2,1h,0.995,10.33333333333333,2,0,162,6.75
040851385_l2,1h,0.999,20.547359848485087,2,0,34,1.4166666666666667
040851385_l2,1h,0.9995,27.483333333333327,2,0,21,0.875
040851385_l2,1h,0.9999,42.057479166666845,2,0,9,0.375
040851385_l2,1h,0.99995,47.94450750000105,2,0,4,0.16666666666666666
040851385_l2,3h,0.99,9.892416666666646,2,0,173,7.208333333333333
040851385_l2,3h,0.995,13.265235679998513,2,0,75,3.125
040851385_l2,3h,0.999,24.781561111111333,2,0,8,0.3333333333333333
040851385_l2,3h,0.9995,32.100225392156965,2,0,6,0.25
040851385_l2,3h,0.9999,54.163379926513755,2,0,3,0.125
040851385_l2,3h,0.99995,66.66785005555184,2,0,1,0.041666666666666664
040851385_l2,6h,0.99,14.005992370892038,2,0,145,6.041666666666667
040851385_l2,6h,0.995,19.38981600340534,2,0,46,1.9166666666666667
040851385_l2,6h,0.999,30.329726179463755,2,0,6,0.25
040851385_l2,6h,0.9995,40.615850312989274,2,0,3,0.125
040851385_l2,6h,0.9999,56.675619269425084,2,0,1,0.041666666666666664
040851385_l2,6h,0.99995,69.01574725758628,2,0,1,0.041666666666666664
040851385_l2,12h,0.99,20.9813649424673,2,0,121,5.041666666666667
040851385_l2,12h,0.995,28.1642153106965,2,0,72,3.0
040851385_l2,12h,0.999,40.690339655642504,2,0,4,0.16666666666666666
040851385_l2,12h,0.9995,47.18925844988534,2,0,2,0.08333333333333333
040851385_l2,12h,0.9999,63.636111301831555,2,0,1,0.041666666666666664
040851385_l2,12h,0.99995,69.40592802649792,2,0,1,0.041666666666666664
040851385_l3,1h,0.99,7.899999999999996,8,3,319,13.291666666666666
040851385_l3,1h,0.995,10.608833333333317,8,1,174,7.25
040851385_l3,1h,0.999,20.132881818181737,8,0,41,1.7083333333333333
040851385_l3,1h,0.9995,29.860700000001334,8,0,21,0.875
040851385_l3,1h,0.9999,42.0618166666655,8,0,9,0.375
040851385_l3,1h,0.99995,47.97070600001491,8,0,4,0.16666666666666666
040851385_l3,3h,0.99,9.904815233785826,8,2,176,7.333333333333333
040851385_l3,3h,0.995,13.460662745098052,8,1,81,3.375
040851385_l3,3h,0.999,25.104805238094478,8,0,9,0.375
040851385_l3,3h,0.9995,32.102583627451104,8,0,6,0.25
040851385_l3,3h,0.9999,54.204937578681104,8,0,3,0.125
040851385_l3,3h,0.99995,66.69618991269023,8,0,1,0.041666666666666664
040851385_l3,6h,0.99,13.817582263186965,8,1,150,6.25
040851385_l3,6h,0.995,19.66309207516338,8,0,45,1.875
040851385_l3,6h,0.999,32.343160602503616,8,0,5,0.20833333333333334
040851385_l3,6h,0.9995,43.485475841158525,8,0,3,0.125
040851385_l3,6h,0.9999,56.734294377837436,8,0,1,0.041666666666666664
040851385_l3,6h,0.99995,69.02763537121575,8,0,1,0.041666666666666664
040851385_l3,12h,0.99,21.303713803336137,8,0,127,5.291666666666667
040851385_l3,12h,0.995,29.005654659942188,8,0,77,3.2083333333333335
040851385_l3,12h,0.999,41.91336808377775,8,0,4,0.16666666666666666
040851385_l3,12h,0.9995,47.222328517582376,8,0,3,0.125
040851385_l3,12h,0.9999,63.6624189614711,8,0,1,0.041666666666666664
040851385_l3,12h,0.99995,69.41002291871729,8,0,1,0.041666666666666664
